master_project_id,match_group_id,source_record_key,source_dataset,source_project_id,source_project_name,normalised_project_name,source_agency,source_location,source_group,source_url,source_record_count,match_group_size,has_cross_source_match
MASTER-0001,GROUP-0001,budget_paper::BUD-0068923BF1,budget_paper,BUD-0068923BF1,Heathcote Road - The Avenue to Princes Highway (Planning),heathcote road the avenue to princes highway planning,Transport for NSW,Various,Connecting Sydney Roads,,1,1,False
MASTER-0002,GROUP-0002,budget_paper::BUD-029B29C941,budget_paper,BUD-029B29C941,Western Sydney Heavy Vehicle Rest Area (State and Federal Funded),western sydney heavy vehicle rest area state and federal funded,Transport for NSW,Eastern Creek,Connecting Sydney Roads,,2,1,False
MASTER-0003,GROUP-0003,budget_paper::BUD-02D2E44107,budget_paper,BUD-02D2E44107,M1 Tweed Heads and Byron Bay (State and Federal Funded),m1 tweed heads and byron bay state and federal funded,Transport for NSW,Various,Connecting Regional NSW (Roads and Bridges),,1,1,False
MASTER-0004,GROUP-0004,budget_paper::BUD-04E9A9619F,budget_paper,BUD-04E9A9619F,Pedestrian Safety Barriers Blaxland,pedestrian safety barriers blaxland,Transport for NSW,Blaxland,Urban Roads Fund,,1,1,False
MASTER-0005,GROUP-0005,budget_paper::BUD-07A125ADC3,budget_paper,BUD-07A125ADC3,Airport Precinct Safety & Access Program (APSAP),airport precinct safety and access program apsap,Transport for NSW,Various,Other Major Programs,,2,3,True
MASTER-0005,GROUP-0005,project_register::PRJ-0001,project_register,PRJ-0001,Airport Precinct Safety and Access Program (APSAP),airport precinct safety and access program apsap,,,Pipeline,https://www.transport.nsw.gov.au/projects/current-projects/airport-precinct-safety-and-access-program,1,3,True
MASTER-0005,GROUP-0005,project_timeline::TFNSW-0072,project_timeline,TFNSW-0072,Airport Precinct Safety and Access Program (APSAP),airport precinct safety and access program apsap,,,Western Parkland City,,2,3,True
MASTER-0006,GROUP-0006,budget_paper::BUD-0883AFA828,budget_paper,BUD-0883AFA828,"Richmond Road Upgrade between M7 Motorway and Townson Road, Marsden Park (State and Federal Funded)(c)",richmond road upgrade between m7 motorway and townson road marsden park state and federal funded c,Transport for NSW,Colebee,Connecting Sydney Roads,,2,1,False
MASTER-0007,GROUP-0007,budget_paper::BUD-08E4363424,budget_paper,BUD-08E4363424,Western Sydney Long Term Strategic Transport Corridor Preservation,western sydney long term strategic transport corridor preservation,Transport for NSW,Various,Connecting Sydney Roads,,3,1,False
MASTER-0008,GROUP-0008,budget_paper::BUD-09B3DC18E4,budget_paper,BUD-09B3DC18E4,Western Sydney International Airport Wayfinding,western sydney international airport wayfinding,Transport for NSW,Various,Other Major Programs,,2,2,True
MASTER-0008,GROUP-0008,project_timeline::TFNSW-0099,project_timeline,TFNSW-0099,Western Sydney International Airport Wayfinding,western sydney international airport wayfinding,,,Western Parkland City,,1,2,True
MASTER-0009,GROUP-0009,budget_paper::BUD-0EA71AF980,budget_paper,BUD-0EA71AF980,Princes Highway Corridor (NSW) - Jervis Bay to Sussex Inlet Road Upgrade Stage 1 (State and Federal Funded),princes highway corridor nsw jervis bay to sussex inlet road upgrade stage 1 state and federal funded,Transport for NSW,Jervis Bay,Princes Corridor,,1,1,False
MASTER-0010,GROUP-0010,budget_paper::BUD-0EC61A064E,budget_paper,BUD-0EC61A064E,Eastern Ring Road and Badgerys Creek Road South (Planning) (State and Federal Funded),eastern ring road and badgerys creek road south planning state and federal funded,Transport for NSW,Various,Other Major Programs,,3,1,False
MASTER-0011,GROUP-0011,budget_paper::BUD-0EEE412074,budget_paper,BUD-0EEE412074,"Lease Acquisition between $250,000 and $20 million(a)",lease acquisition between 250 000 and 20 million a,NSW Trains,Various,,,3,1,False
MASTER-0012,GROUP-0012,budget_paper::BUD-108031018C,budget_paper,BUD-108031018C,Sheahan Bridge Upgrade (Planning) (State and Federal Funded),sheahan bridge upgrade planning state and federal funded,Transport for NSW,Gundagai,Hume Corridor,,3,1,False
MASTER-0013,GROUP-0013,budget_paper::BUD-11D757DAAB,budget_paper,BUD-11D757DAAB,Francis Road Rail Overpass at Rooty Hill (Planning),francis road rail overpass at rooty hill planning,Transport for NSW,Rooty Hill,Connecting Sydney Roads,,2,1,False
MASTER-0014,GROUP-0014,budget_paper::BUD-11D8E6866A,budget_paper,BUD-11D8E6866A,Devonshire Link Road and Bradfield Metro Link Road (Planning) (State and Federal Funded),devonshire link road and bradfield metro link road planning state and federal funded,Transport for NSW,Kemps Creek,Connecting Sydney Roads,,2,1,False
MASTER-0015,GROUP-0015,budget_paper::BUD-1308623375,budget_paper,BUD-1308623375,New Bus Services for Western Sydney (State and Federal Funded),new bus services for western sydney state and federal funded,Transport for NSW,Various,Other Major Programs,,3,1,False
MASTER-0016,GROUP-0016,budget_paper::BUD-142F883609,budget_paper,BUD-142F883609,"Lease Acquisition between $250,000 and $20 million(a)",lease acquisition between 250 000 and 20 million a,Sydney Trains,Various,,,3,1,False
MASTER-0017,GROUP-0017,budget_paper::BUD-162C3A2891,budget_paper,BUD-162C3A2891,Princes Highway Corridor - Milton Ulladulla Bypass (State and Federal Funded),princes highway corridor milton ulladulla bypass state and federal funded,Transport for NSW,Milton,Princes Corridor,,2,1,False
MASTER-0018,GROUP-0018,budget_paper::BUD-18CFA60B01,budget_paper,BUD-18CFA60B01,Regional Corridors Upgrade Program - Euston to Tocumwal (d),regional corridors upgrade program euston to tocumwal d,Transport for NSW,Various,Regional Corridors Upgrade Program,,1,1,False
MASTER-0019,GROUP-0019,budget_paper::BUD-19CC4BAA16,budget_paper,BUD-19CC4BAA16,Princes Highway Corridor (NSW) - Jervis Bay Road to Hawken Road (State and Federal Funded),princes highway corridor nsw jervis bay road to hawken road state and federal funded,Transport for NSW,Jervis Bay,Princes Corridor,,2,1,False
MASTER-0020,GROUP-0020,budget_paper::BUD-1B446EF3E4,budget_paper,BUD-1B446EF3E4,"Pacific Highway, Wyong Town Centre (State and Federal Funded)",pacific highway wyong town centre state and federal funded,Transport for NSW,Wyong,Connecting Central Coast Roads,,3,1,False
MASTER-0021,GROUP-0021,budget_paper::BUD-1B5414E81E,budget_paper,BUD-1B5414E81E,Mamre Road - Erskine Park Road to Kerrs Road (State and Federal Funded),mamre road erskine park road to kerrs road state and federal funded,Transport for NSW,Kemps Creek,Connecting Sydney Roads,,1,1,False
MASTER-0022,GROUP-0022,budget_paper::BUD-1B82A8C537,budget_paper,BUD-1B82A8C537,"Prospect Highway, Reservoir Road to St Martins Crescent (State and Federal Funded)",prospect highway reservoir road to st martins crescent state and federal funded,Transport for NSW,Prospect,Connecting Sydney Roads,,1,1,False
MASTER-0023,GROUP-0023,budget_paper::BUD-1CA427DAF9,budget_paper,BUD-1CA427DAF9,Sydney Metro City and Southwest(b),sydney metro city and southwest b,Sydney Metro,Chatswood - Bankstown,,,3,1,False
MASTER-0024,GROUP-0024,budget_paper::BUD-1CBFC0787B,budget_paper,BUD-1CBFC0787B,Bandon Road Corridor Upgrade and Extension (Planning) (State and Federal Funded)(d),bandon road corridor upgrade and extension planning state and federal funded d,Transport for NSW,Various,Connecting Sydney Roads,,1,1,False
MASTER-0025,GROUP-0025,budget_paper::BUD-1EA45D850D,budget_paper,BUD-1EA45D850D,"King Georges Road, Stoney Creek Road to Connells Point Road - Stage 1 and 2A (State and Federal Funded)",king georges road stoney creek road to connells point road stage 1 and 2a state and federal funded,Transport for NSW,Penshurst,Connecting Sydney Roads,,1,1,False
MASTER-0026,GROUP-0026,budget_paper::BUD-1FCC4A8462,budget_paper,BUD-1FCC4A8462,"Minmi Road and Newcastle Link Road, Edgeworth",minmi road and newcastle link road edgeworth,Transport for NSW,Edgeworth,Connecting Regional NSW (Roads and Bridges),,1,1,False
MASTER-0027,GROUP-0027,budget_paper::BUD-2559AC5020,budget_paper,BUD-2559AC5020,"Great Western Highway, Medlow Bath (State and Federal Funded)",great western highway medlow bath state and federal funded,Transport for NSW,Medlow Bath,Great Western Highway and Bells Line of Road,,2,1,False
MASTER-0028,GROUP-0028,budget_paper::BUD-262FF355DB,budget_paper,BUD-262FF355DB,Western Distributor Smart Motorway (State and Federal Funded),western distributor smart motorway state and federal funded,Transport for NSW,Various,Sydney Motorways,,1,1,False
MASTER-0029,GROUP-0029,budget_paper::BUD-29068BD298,budget_paper,BUD-29068BD298,Traffic Lights at Bank Street,traffic lights at bank street,Transport for NSW,Meadowbank,Urban Roads Fund,,3,1,False
MASTER-0030,GROUP-0030,budget_paper::BUD-2BD8B456AF,budget_paper,BUD-2BD8B456AF,"Hargraves Lane and Federation St Upgrade, Gilgandra (Heavy Vehicle bypass) (State and Federal Funded)",hargraves lane and federation st upgrade gilgandra heavy vehicle bypass state and federal funded,Transport for NSW,Gilgandra,Newell Corridor,,3,1,False
MASTER-0031,GROUP-0031,budget_paper::BUD-2C6DC8B5F7,budget_paper,BUD-2C6DC8B5F7,Castlereagh Connection - Planning,castlereagh connection planning,Transport for NSW,Various,Other Major Programs,,1,1,False
MASTER-0032,GROUP-0032,budget_paper::BUD-2CEC9D2094,budget_paper,BUD-2CEC9D2094,Tolling Operations and Modernisation,tolling operations and modernisation,Transport for NSW,Various,Other Election Commitments,,1,1,False
MASTER-0033,GROUP-0033,budget_paper::BUD-2DA7F81D69,budget_paper,BUD-2DA7F81D69,Bus Transport Management System (BTMS),bus transport management system btms,Transport for NSW,Various,Other Major Programs,,1,1,False
MASTER-0034,GROUP-0034,budget_paper::BUD-2EB349B281,budget_paper,BUD-2EB349B281,Bruxner Highway Upgrades,bruxner highway upgrades,Transport for NSW,Various,Connecting Regional NSW (Roads and Bridges),,2,1,False
MASTER-0035,GROUP-0035,budget_paper::BUD-2F3E8A1DB2,budget_paper,BUD-2F3E8A1DB2,Waterfall Way Upgrade,waterfall way upgrade,Transport for NSW,Various,Connecting Regional NSW (Roads and Bridges),,3,1,False
MASTER-0036,GROUP-0036,budget_paper::BUD-2F462C0CFB,budget_paper,BUD-2F462C0CFB,Mamre Road Stage 2 - Erskine Park Road to Kerrs Road (State and Federal Funded),mamre road stage 2 erskine park road to kerrs road state and federal funded,Transport for NSW,Kemps Creek,Connecting Sydney Roads,,2,1,False
MASTER-0037,GROUP-0037,budget_paper::BUD-3029BE90AC,budget_paper,BUD-3029BE90AC,Warringah Freeway Upgrade,warringah freeway upgrade,Transport for NSW,Various,Sydney Motorways,,3,1,False
MASTER-0038,GROUP-0038,budget_paper::BUD-341A7DEC42,budget_paper,BUD-341A7DEC42,Circular Quay Precinct Renewal (Planning) (State and Federal Funded),circular quay precinct renewal planning state and federal funded,Transport for NSW,Sydney,Interchanges and Accessibility,,2,1,False
MASTER-0039,GROUP-0039,budget_paper::BUD-364246C8DD,budget_paper,BUD-364246C8DD,Western Sydney Roads (Planning) (State and Federal Funded),western sydney roads planning state and federal funded,Transport for NSW,Various,Other Major Programs,,3,1,False
MASTER-0040,GROUP-0040,budget_paper::BUD-39E1ADA860,budget_paper,BUD-39E1ADA860,Western Distributor Network Integration,western distributor network integration,Transport for NSW,Pyrmont,Other Major Programs,,1,1,False
MASTER-0041,GROUP-0041,budget_paper::BUD-3A1CC1C8D7,budget_paper,BUD-3A1CC1C8D7,"Heathcote Road, Infantry Parade, Hammondville to The Avenue, Voyager Point (State and Federal Funded)",heathcote road infantry parade hammondville to the avenue voyager point state and federal funded,Transport for NSW,Holsworthy,Connecting Sydney Roads,,2,1,False
MASTER-0042,GROUP-0042,budget_paper::BUD-3A484C60E7,budget_paper,BUD-3A484C60E7,Townson and Burdekin Road Upgrades (Planning) (State and Federal Funded),townson and burdekin road upgrades planning state and federal funded,Transport for NSW,Various,Connecting Sydney Roads,,2,1,False
MASTER-0043,GROUP-0043,budget_paper::BUD-3A635972C5,budget_paper,BUD-3A635972C5,Devonshire Road (Planning),devonshire road planning,Transport for NSW,Kemps Creek,Connecting Sydney Roads,,2,1,False
MASTER-0044,GROUP-0044,budget_paper::BUD-3AB43004E9,budget_paper,BUD-3AB43004E9,Driftway Roundabout at Londonderry,driftway roundabout at londonderry,Transport for NSW,Londonderry,Urban Roads Fund,,3,1,False
MASTER-0045,GROUP-0045,budget_paper::BUD-3B1FE785A2,budget_paper,BUD-3B1FE785A2,Sydney Metro-Western Sydney Airport-Northern extension- Business Case,sydney metro western sydney airport northern extension business case,Sydney Metro,St Marys - Tallawong,,,3,1,False
MASTER-0046,GROUP-0046,budget_paper::BUD-3CE94DF8C5,budget_paper,BUD-3CE94DF8C5,Richmond Road Corridor Upgrade (Planning) (State and Federal Funded),richmond road corridor upgrade planning state and federal funded,Transport for NSW,Various,Connecting Sydney Roads,,2,1,False
MASTER-0047,GROUP-0047,budget_paper::BUD-3DBA2152A0,budget_paper,BUD-3DBA2152A0,Pitt Town Bypass(c),pitt town bypass c,Transport for NSW,Pitt Town,Urban Roads Fund,,3,1,False
MASTER-0048,GROUP-0048,budget_paper::BUD-414C68472D,budget_paper,BUD-414C68472D,Elizabeth Drive Upgrades (State and Federal Funded)(c),elizabeth drive upgrades state and federal funded c,Transport for NSW,Various,Connecting Sydney Roads,,3,1,False
MASTER-0049,GROUP-0049,budget_paper::BUD-414CC9D7FB,budget_paper,BUD-414CC9D7FB,Other Works,other works,Transport Asset Manager/Holding Entity NSW,Various,,,1,1,False
MASTER-0050,GROUP-0050,budget_paper::BUD-426534E52A,budget_paper,BUD-426534E52A,Princes Highway Upgrade Program Corridor - Safety and Productivity Upgrades,princes highway upgrade program corridor safety and productivity upgrades,Transport for NSW,Nowra - Moruya,Princes Corridor,,3,1,False
MASTER-0051,GROUP-0051,budget_paper::BUD-43464B1FCF,budget_paper,BUD-43464B1FCF,Golden Highway Improvements,golden highway improvements,Transport for NSW,Various,Regional Roads Fund,,2,1,False
MASTER-0052,GROUP-0052,budget_paper::BUD-4448787F3E,budget_paper,BUD-4448787F3E,South West Sydney Rail Planning-Business Case (State and Federal Funded)(a),south west sydney rail planning business case state and federal funded a,Sydney Metro,Bradfield - Leppington/ Campbelltown,,,3,1,False
MASTER-0053,GROUP-0053,budget_paper::BUD-459AC1EDBE,budget_paper,BUD-459AC1EDBE,M5 Motorway - Moorebank Avenue - Hume Highway Intersection Upgrade (State and Federal Funded),m5 motorway moorebank avenue hume highway intersection upgrade state and federal funded,Transport for NSW,Moorebank,Sydney Motorways,,3,1,False
MASTER-0054,GROUP-0054,budget_paper::BUD-45FC0ADBD6,budget_paper,BUD-45FC0ADBD6,Henry Lawson Drive Upgrade Stage 1A,henry lawson drive upgrade stage 1a,Transport for NSW,Milperra,Connecting Sydney Roads,,2,1,False
MASTER-0055,GROUP-0055,budget_paper::BUD-46C8180649,budget_paper,BUD-46C8180649,Alphadale Crossroads,alphadale crossroads,Transport for NSW,Lismore,Regional Roads Fund,,3,1,False
MASTER-0056,GROUP-0056,budget_paper::BUD-47B24AD725,budget_paper,BUD-47B24AD725,Gosford Bypass (Planning and Design),gosford bypass planning and design,Transport for NSW,Gosford,Regional Roads Fund,,3,1,False
MASTER-0057,GROUP-0057,budget_paper::BUD-48D950F24B,budget_paper,BUD-48D950F24B,Parramatta Class Ferries,parramatta class ferries,Sydney Ferries,Various,,,1,1,False
MASTER-0058,GROUP-0058,budget_paper::BUD-497A5B5BF5,budget_paper,BUD-497A5B5BF5,Mariyung Fleet (New Intercity Fleet),mariyung fleet new intercity fleet,Transport Asset Manager/Holding Entity NSW,Various,,,3,1,False
MASTER-0059,GROUP-0059,budget_paper::BUD-4A83D09FAB,budget_paper,BUD-4A83D09FAB,M1 Princes Motorway Entry and Exit Ramps (State and Federal Funded)(d),m1 princes motorway entry and exit ramps state and federal funded d,Transport for NSW,Dapto,Regional Roads Fund,,2,1,False
MASTER-0060,GROUP-0060,budget_paper::BUD-4B5A1D8FEB,budget_paper,BUD-4B5A1D8FEB,Parramatta Light Rail Stage 1,parramatta light rail stage 1,Transport for NSW,Parramatta,Light Rail,,1,1,False
MASTER-0061,GROUP-0061,budget_paper::BUD-4B7AFA71DA,budget_paper,BUD-4B7AFA71DA,Duplicate Sections of Heathcote Road,duplicate sections of heathcote road,Transport for NSW,Various,Urban Roads Fund,,3,1,False
MASTER-0062,GROUP-0062,budget_paper::BUD-4BC1719981,budget_paper,BUD-4BC1719981,"Great Western Highway, Coxs River Road (State and Federal Funded)",great western highway coxs river road state and federal funded,Transport for NSW,Lithgow,Great Western Highway and Bells Line of Road,,1,1,False
MASTER-0063,GROUP-0063,budget_paper::BUD-4D8E339A7A,budget_paper,BUD-4D8E339A7A,Nelson Bay Road - Williamtown to Bobs Farm (State and Federal Funded),nelson bay road williamtown to bobs farm state and federal funded,Transport for NSW,Williamtown,Connecting Regional NSW (Roads and Bridges),,3,1,False
MASTER-0064,GROUP-0064,budget_paper::BUD-517B618087,budget_paper,BUD-517B618087,Speers Point Intersection(d),speers point intersection d,Transport for NSW,Lake Macquarie,Regional Roads Fund,,3,1,False
MASTER-0065,GROUP-0065,budget_paper::BUD-51F7A09AF8,budget_paper,BUD-51F7A09AF8,South West Sydney Roads (Planning) (State and Federal Funded),south west sydney roads planning state and federal funded,Transport for NSW,Various,Other Major Programs,,3,1,False
MASTER-0066,GROUP-0066,budget_paper::BUD-5385E893C1,budget_paper,BUD-5385E893C1,Picton Road Upgrade (Planning) (State and Federal Funded),picton road upgrade planning state and federal funded,Transport for NSW,Picton,Other Major Programs,,3,1,False
MASTER-0067,GROUP-0067,budget_paper::BUD-55D1E30739,budget_paper,BUD-55D1E30739,Active Transport,active transport,Transport for NSW,Various,Other Major Programs,,3,1,False
MASTER-0068,GROUP-0068,budget_paper::BUD-5A075AA97B,budget_paper,BUD-5A075AA97B,"Pacific Highway - Harrington Road Intersection Upgrade, Coopernook (State and Federal Funded)",pacific highway harrington road intersection upgrade coopernook state and federal funded,Transport for NSW,Coopernook,Pacific Corridor,,2,1,False
MASTER-0069,GROUP-0069,budget_paper::BUD-5B36F2211F,budget_paper,BUD-5B36F2211F,"Hillsborough Road, Warners Bay to Charlestown (Stage 1)(e)",hillsborough road warners bay to charlestown stage 1 e,Transport for NSW,Warners Bay,Connecting Regional NSW (Roads and Bridges),,3,1,False
MASTER-0070,GROUP-0070,budget_paper::BUD-5D4D5C4FC7,budget_paper,BUD-5D4D5C4FC7,"Central Coast Highway, Tumbi Road Intersection Upgrade (State and Federal Funded)",central coast highway tumbi road intersection upgrade state and federal funded,Transport for NSW,Wamberal - Bateau Bay,Connecting Central Coast Roads,,3,1,False
MASTER-0071,GROUP-0071,budget_paper::BUD-5D97035C08,budget_paper,BUD-5D97035C08,"New England Highway, Singleton Bypass (State and Federal Funded)",new england highway singleton bypass state and federal funded,Transport for NSW,Singleton,New England Corridor,,3,1,False
MASTER-0072,GROUP-0072,budget_paper::BUD-5F3B10D75B,budget_paper,BUD-5F3B10D75B,Tuross Head Intersection,tuross head intersection,Transport for NSW,Tuross Head,Regional Roads Fund,,3,1,False
MASTER-0073,GROUP-0073,budget_paper::BUD-615FC9F19D,budget_paper,BUD-615FC9F19D,Pinch Points and Clearways (State and Federal Funded),pinch points and clearways state and federal funded,Transport for NSW,Various,Easing Sydney's Congestion,,1,1,False
MASTER-0074,GROUP-0074,budget_paper::BUD-628937EF8A,budget_paper,BUD-628937EF8A,Wallerawang Train Station Reactivation,wallerawang train station reactivation,Transport for NSW,Wallerawang,Other Major Programs,,2,1,False
MASTER-0075,GROUP-0075,budget_paper::BUD-642E91727A,budget_paper,BUD-642E91727A,Mount Ousley Interchange (State and Federal Funded),mount ousley interchange state and federal funded,Transport for NSW,Mount Ousley,Princes Corridor,,3,1,False
MASTER-0076,GROUP-0076,budget_paper::BUD-649E2B8DEE,budget_paper,BUD-649E2B8DEE,Resurface Canterbury Road,resurface canterbury road,Transport for NSW,Various,Urban Roads Fund,,1,1,False
MASTER-0077,GROUP-0077,budget_paper::BUD-669FBFF62A,budget_paper,BUD-669FBFF62A,Sydney Metro-Western Sydney Airport (State and Federal Funded)(c),sydney metro western sydney airport state and federal funded c,Sydney Metro,St Marys - Bringelly,,,3,1,False
MASTER-0078,GROUP-0078,budget_paper::BUD-678784DB1D,budget_paper,BUD-678784DB1D,Western Harbour Tunnel,western harbour tunnel,Transport for NSW,Various,Sydney Motorways,,3,1,False
MASTER-0079,GROUP-0079,budget_paper::BUD-685DFD23F2,budget_paper,BUD-685DFD23F2,Windsor Road Upgrade at Rouse Hill (State and Federal Funded),windsor road upgrade at rouse hill state and federal funded,Transport for NSW,Rouse Hill,Other Major Programs,,1,1,False
MASTER-0080,GROUP-0080,budget_paper::BUD-688B325B42,budget_paper,BUD-688B325B42,Rail Service Improvement Program,rail service improvement program,Transport Asset Manager/Holding Entity NSW,Various,,,3,1,False
MASTER-0081,GROUP-0081,budget_paper::BUD-690F3C380A,budget_paper,BUD-690F3C380A,Community Commitments - Road and Transport,community commitments road and transport,Transport for NSW,Various,Other Election Commitments,,1,1,False
MASTER-0082,GROUP-0082,budget_paper::BUD-6A19BAC2D9,budget_paper,BUD-6A19BAC2D9,Great Western Highway Detour Resilience Work,great western highway detour resilience work,Transport for NSW,Blue Mountains,Great Western Highway and Bells Line of Road,,1,1,False
MASTER-0083,GROUP-0083,budget_paper::BUD-6D566BBA6B,budget_paper,BUD-6D566BBA6B,Mandalong Road Upgrade (State and Federal Funded),mandalong road upgrade state and federal funded,Transport for NSW,Morisset,Connecting Regional NSW (Roads and Bridges),,3,1,False
MASTER-0084,GROUP-0084,budget_paper::BUD-6E640330C0,budget_paper,BUD-6E640330C0,Narooma Bridge (Planning) (State and Federal Funded),narooma bridge planning state and federal funded,Transport for NSW,Narooma,Princes Corridor,,2,1,False
MASTER-0085,GROUP-0085,budget_paper::BUD-6F2F434C09,budget_paper,BUD-6F2F434C09,Mulgoa Road Stage 1 - Blaikie Road to M4 Motorway (State and Federal Funded)(c),mulgoa road stage 1 blaikie road to m4 motorway state and federal funded c,Transport for NSW,Jamisontown,Connecting Sydney Roads,,2,1,False
MASTER-0086,GROUP-0086,budget_paper::BUD-6F639863F3,budget_paper,BUD-6F639863F3,Coffs Harbour Bypass (State and Federal Funded),coffs harbour bypass state and federal funded,Transport for NSW,Coffs Harbour,Pacific Corridor,,3,1,False
MASTER-0087,GROUP-0087,budget_paper::BUD-711DBFA778,budget_paper,BUD-711DBFA778,"Mona Vale Road, McCarrs Creek Road To Powder Works Road",mona vale road mccarrs creek road to powder works road,Transport for NSW,Various,Connecting Sydney Roads,,1,1,False
MASTER-0088,GROUP-0088,budget_paper::BUD-72C4A32358,budget_paper,BUD-72C4A32358,Return Freshwater Class Ferries to Circular Quay-Manly,return freshwater class ferries to circular quay manly,Sydney Ferries,Various,,,2,1,False
MASTER-0089,GROUP-0089,budget_paper::BUD-72D6664ACC,budget_paper,BUD-72D6664ACC,Garfield Road East (State and Federal Funded)(c),garfield road east state and federal funded c,Transport for NSW,Riverstone,Connecting Sydney Roads,,2,1,False
MASTER-0090,GROUP-0090,budget_paper::BUD-7331A99D57,budget_paper,BUD-7331A99D57,Hawkesbury Nepean Valley Flood Evacuation Road Resilience - Planning (State and Federal Funded),hawkesbury nepean valley flood evacuation road resilience planning state and federal funded,Transport for NSW,Various,Other Major Programs,,1,1,False
MASTER-0091,GROUP-0091,budget_paper::BUD-73D082597D,budget_paper,BUD-73D082597D,Upgrade Garfield Road East (State and Federal Funded)(f),upgrade garfield road east state and federal funded f,Transport for NSW,Riverstone,Connecting Sydney Roads,,1,1,False
MASTER-0092,GROUP-0092,budget_paper::BUD-76005766AE,budget_paper,BUD-76005766AE,Picton Bypass (Planning) (State and Federal Funded),picton bypass planning state and federal funded,Transport for NSW,Picton,Connecting Sydney Roads,,3,1,False
MASTER-0093,GROUP-0093,budget_paper::BUD-7988CE2B43,budget_paper,BUD-7988CE2B43,"The Horsley Drive, M7 Motorway to Cowpasture Road (State and Federal Funded)",the horsley drive m7 motorway to cowpasture road state and federal funded,Transport for NSW,Horsley Park,Connecting Sydney Roads,,3,1,False
MASTER-0094,GROUP-0094,budget_paper::BUD-7A37BF52FD,budget_paper,BUD-7A37BF52FD,"Pacific Motorway, Extension to Raymond Terrace (State and Federal Funded)",pacific motorway extension to raymond terrace state and federal funded,Transport for NSW,Hexham,Connecting Hunter Roads,,3,1,False
MASTER-0095,GROUP-0095,budget_paper::BUD-7A6B8C0F3B,budget_paper,BUD-7A6B8C0F3B,Sydney Coordinated Adaptive Traffic System (SCATS) Customer Improvement Program,sydney coordinated adaptive traffic system scats customer improvement program,Transport for NSW,Various,Easing Sydney's Congestion,,1,1,False
MASTER-0096,GROUP-0096,budget_paper::BUD-7B9FD9B846,budget_paper,BUD-7B9FD9B846,Princes Highway Corridor (NSW) - Jervis Bay Road Intersection (State and Federal Funded),princes highway corridor nsw jervis bay road intersection state and federal funded,Transport for NSW,Jervis Bay,Princes Corridor,,3,1,False
MASTER-0097,GROUP-0097,budget_paper::BUD-7C25E09D3F,budget_paper,BUD-7C25E09D3F,Upgrade of Bandon Road (Planning) (State and Federal Funded)(f),upgrade of bandon road planning state and federal funded f,Transport for NSW,Various,Connecting Sydney Roads,,1,1,False
MASTER-0098,GROUP-0098,budget_paper::BUD-7CD033B2CE,budget_paper,BUD-7CD033B2CE,Spring Farm Parkway Stage 1,spring farm parkway stage 1,Transport for NSW,Menangle Park,Connecting Sydney Roads,,1,1,False
MASTER-0099,GROUP-0099,budget_paper::BUD-7D2A013AD4,budget_paper,BUD-7D2A013AD4,Newell Highway Narrabri to Moree Heavy Duty Pavements (State and Federal Funded),newell highway narrabri to moree heavy duty pavements state and federal funded,Transport for NSW,Narrabri – Moree,Newell Corridor,,2,1,False
MASTER-0100,GROUP-0100,budget_paper::BUD-7FF3EA741A,budget_paper,BUD-7FF3EA741A,Yass Road-Bungendore Road- Ellerton Drive Intersection,yass road bungendore road ellerton drive intersection,Transport for NSW,Queanbeyan,Regional Roads Fund,,2,1,False
MASTER-0101,GROUP-0101,budget_paper::BUD-808CD55D38,budget_paper,BUD-808CD55D38,Parramatta Light Rail Stage 2,parramatta light rail stage 2,Transport for NSW,Parramatta,Light Rail,,3,1,False
MASTER-0102,GROUP-0102,budget_paper::BUD-80E896BC80,budget_paper,BUD-80E896BC80,Barton Highway Improvements (State and Federal Funded),barton highway improvements state and federal funded,Transport for NSW,Goulburn,Connecting Regional NSW (Roads and Bridges),,3,1,False
MASTER-0103,GROUP-0103,budget_paper::BUD-82A62F45E8,budget_paper,BUD-82A62F45E8,"Safe, Accessible Transport Program",safe accessible transport program,Transport Asset Manager/Holding Entity NSW,Various,,,3,1,False
MASTER-0104,GROUP-0104,budget_paper::BUD-82E6706A7A,budget_paper,BUD-82E6706A7A,New Electric Bus Program,new electric bus program,Transport for NSW,Various,Other Major Programs,,1,2,True
MASTER-0104,GROUP-0104,project_register::PRJ-0060,project_register,PRJ-0060,New Electric Bus Program,new electric bus program,,,Pipeline,https://www.transport.nsw.gov.au/projects/current-projects/zero-emission-buses,1,2,True
MASTER-0105,GROUP-0105,budget_paper::BUD-8457D20AEE,budget_paper,BUD-8457D20AEE,Terrigal Drive Upgrade (Federal Funded),terrigal drive upgrade federal funded,Transport for NSW,Terrigal,Connecting Central Coast Roads,,2,1,False
MASTER-0106,GROUP-0106,budget_paper::BUD-851F6E1FF5,budget_paper,BUD-851F6E1FF5,Sydney Fish Markets Ferry Stop,sydney fish markets ferry stop,Transport for NSW,Pyrmont,Other Major Programs,,2,1,False
MASTER-0107,GROUP-0107,budget_paper::BUD-85A55BA206,budget_paper,BUD-85A55BA206,Old Windsor Road (Planning) (Federal Funded),old windsor road planning federal funded,Transport for NSW,Various,Other Major Programs,,1,1,False
MASTER-0108,GROUP-0108,budget_paper::BUD-85E906140C,budget_paper,BUD-85E906140C,"New England Highway, Muswellbrook Bypass (State and Federal Funded)",new england highway muswellbrook bypass state and federal funded,Transport for NSW,Muswellbrook,New England Corridor,,3,1,False
MASTER-0109,GROUP-0109,budget_paper::BUD-880BB0DE69,budget_paper,BUD-880BB0DE69,Swan Hill Bridge (State and Federal Funded),swan hill bridge state and federal funded,Transport for NSW,Murray Downs,Connecting Regional NSW (Roads and Bridges),,2,1,False
MASTER-0110,GROUP-0110,budget_paper::BUD-8888CFE34F,budget_paper,BUD-8888CFE34F,Fixing Country Rail,fixing country rail,Transport Asset Manager/Holding Entity NSW,Various,,,3,1,False
MASTER-0111,GROUP-0111,budget_paper::BUD-8A6975EE09,budget_paper,BUD-8A6975EE09,Regional Rail Fleet Program,regional rail fleet program,Transport Asset Manager/Holding Entity NSW,Various,,,3,1,False
MASTER-0112,GROUP-0112,budget_paper::BUD-8D580420A0,budget_paper,BUD-8D580420A0,Thornton Rail Bridge,thornton rail bridge,Transport for NSW,Maitland,Regional Roads Fund,,2,1,False
MASTER-0113,GROUP-0113,budget_paper::BUD-8D5E06A8C1,budget_paper,BUD-8D5E06A8C1,Golden Highway Upgrades - Mudies Creek (State and Federal Funded),golden highway upgrades mudies creek state and federal funded,Transport for NSW,Whittingham,Connecting Regional NSW (Roads and Bridges),,2,1,False
MASTER-0114,GROUP-0114,budget_paper::BUD-8F69D8D289,budget_paper,BUD-8F69D8D289,Homebush Bay Drive and Australia Avenue Intersection Upgrade (State and Federal Funded),homebush bay drive and australia avenue intersection upgrade state and federal funded,Transport for NSW,Liberty Grove,Connecting Sydney Roads,,1,1,False
MASTER-0115,GROUP-0115,budget_paper::BUD-90A8D182FB,budget_paper,BUD-90A8D182FB,Epping Station Bridge Replacement (State and Federal Funded),epping station bridge replacement state and federal funded,Transport for NSW,Epping,Connecting Sydney Roads,,3,1,False
MASTER-0116,GROUP-0116,budget_paper::BUD-91EAA5B3F9,budget_paper,BUD-91EAA5B3F9,Traffic Lights at Elara Boulevard,traffic lights at elara boulevard,Transport for NSW,Marsden Park,Urban Roads Fund,,1,1,False
MASTER-0117,GROUP-0117,budget_paper::BUD-920324F71C,budget_paper,BUD-920324F71C,Spring Farm Parkway Stage 2 (Planning) (State and Federal Funded)(c),spring farm parkway stage 2 planning state and federal funded c,Transport for NSW,Various,Urban Roads Fund,,3,1,False
MASTER-0118,GROUP-0118,budget_paper::BUD-943E51C71A,budget_paper,BUD-943E51C71A,"Pacific Highway - Harrington Road Intersection Upgrade, Coopernook (Planning)(State and Federal Funded)",pacific highway harrington road intersection upgrade coopernook planning state and federal funded,Transport for NSW,Coopernook,Pacific Corridor,,1,1,False
MASTER-0119,GROUP-0119,budget_paper::BUD-94E9E7CC29,budget_paper,BUD-94E9E7CC29,"M12 Motorway, M7 to The Northern Road (State and Federal Funded)",m12 motorway m7 to the northern road state and federal funded,Transport for NSW,Badgerys Creek,Western Sydney Infrastructure Plan,,2,1,False
MASTER-0120,GROUP-0120,budget_paper::BUD-9A68224DAA,budget_paper,BUD-9A68224DAA,New England Highway Duplication (Goonoo Goonoo Road) (State and Federal Funded),new england highway duplication goonoo goonoo road state and federal funded,Transport for NSW,Tamworth,New England Corridor,,3,1,False
MASTER-0121,GROUP-0121,budget_paper::BUD-9A6D523B2C,budget_paper,BUD-9A6D523B2C,"Avoca Drive, Central Coast (State and Federal Funded)",avoca drive central coast state and federal funded,Transport for NSW,Kincumber,Connecting Central Coast Roads,,3,1,False
MASTER-0122,GROUP-0122,budget_paper::BUD-9A94D2DE6A,budget_paper,BUD-9A94D2DE6A,Regional NSW Bridge Upgrades,regional nsw bridge upgrades,Transport for NSW,Various,Connecting Regional NSW (Roads and Bridges),,3,1,False
MASTER-0123,GROUP-0123,budget_paper::BUD-9D1EB3BB36,budget_paper,BUD-9D1EB3BB36,Hill Road Upgrade,hill road upgrade,Transport for NSW,Lidcombe,Connecting Sydney Roads,,3,1,False
MASTER-0124,GROUP-0124,budget_paper::BUD-A1A16B6C81,budget_paper,BUD-A1A16B6C81,Rail Fleet Strategy including Future Fleet Tangara Replacement (Planning),rail fleet strategy including future fleet tangara replacement planning,Transport Asset Manager/Holding Entity NSW,Various,,,1,1,False
MASTER-0125,GROUP-0125,budget_paper::BUD-A2D1EA6715,budget_paper,BUD-A2D1EA6715,Homebush Bay Drive Upgrade (State and Federal Funded),homebush bay drive upgrade state and federal funded,Transport for NSW,Liberty Grove,Connecting Sydney Roads,,2,1,False
MASTER-0126,GROUP-0126,budget_paper::BUD-A39C805B02,budget_paper,BUD-A39C805B02,South West Sydney Rail Planning-Business Case (State and Federal Funded)(b),south west sydney rail planning business case state and federal funded b,Transport Asset Manager/Holding Entity NSW,Bradfield - Leppington/ Campbelltown,,,2,1,False
MASTER-0127,GROUP-0127,budget_paper::BUD-A58A0EF6FF,budget_paper,BUD-A58A0EF6FF,"Pacific Motorway, Hexham Straight (State and Federal Funded)",pacific motorway hexham straight state and federal funded,Transport for NSW,Hexham,Connecting Hunter Roads,,2,1,False
MASTER-0128,GROUP-0128,budget_paper::BUD-A626D1B998,budget_paper,BUD-A626D1B998,Future Fleet Program (Planning),future fleet program planning,Transport Asset Manager/Holding Entity NSW,Various,,,2,1,False
MASTER-0129,GROUP-0129,budget_paper::BUD-A79D6516E0,budget_paper,BUD-A79D6516E0,Zero Emissions Buses Program,zero emissions buses program,Transport for NSW,Various,Other Major Programs,,1,1,False
MASTER-0130,GROUP-0130,budget_paper::BUD-A86A72F93F,budget_paper,BUD-A86A72F93F,Appin Road Upgrades (State and Federal Funded),appin road upgrades state and federal funded,Transport for NSW,Appin,Connecting Sydney Roads,,3,1,False
MASTER-0131,GROUP-0131,budget_paper::BUD-AB5BF73325,budget_paper,BUD-AB5BF73325,Flushcombe Road & Bungarribee Road Intersection Upgrade (Planning),flushcombe road and bungarribee road intersection upgrade planning,Transport for NSW,Blacktown,Connecting Sydney Roads,,2,1,False
MASTER-0132,GROUP-0132,budget_paper::BUD-ACB04930C1,budget_paper,BUD-ACB04930C1,Newell Highway Flood Mitigation Works (Planning) (State and Federal Funded),newell highway flood mitigation works planning state and federal funded,Transport for NSW,West Wyalong,Newell Corridor,,3,1,False
MASTER-0133,GROUP-0133,budget_paper::BUD-AF0B297F2F,budget_paper,BUD-AF0B297F2F,Wallendbeen Bridge Approaches,wallendbeen bridge approaches,Transport for NSW,Wallendbeen,Regional Roads Fund,,1,1,False
MASTER-0134,GROUP-0134,budget_paper::BUD-B2B1F1B833,budget_paper,BUD-B2B1F1B833,Newell Highway - North Moree Heavy Duty Pavement (State and Federal Funded),newell highway north moree heavy duty pavement state and federal funded,Transport for NSW,Moree,Newell Corridor,,1,1,False
MASTER-0135,GROUP-0135,budget_paper::BUD-B33CF5AEA8,budget_paper,BUD-B33CF5AEA8,Bulli Bypass Investigation,bulli bypass investigation,Transport for NSW,Bulli,Regional Roads Fund,,2,1,False
MASTER-0136,GROUP-0136,budget_paper::BUD-B579BC7396,budget_paper,BUD-B579BC7396,Opal 2.0,opal 2 0,Transport for NSW,Various,Other Major Programs,,1,1,False
MASTER-0137,GROUP-0137,budget_paper::BUD-B5FF67A08A,budget_paper,BUD-B5FF67A08A,Zero Emissions Buses Program (State and Federal funded),zero emissions buses program state and federal funded,Transport for NSW,Various,Other Major Programs,,1,1,False
MASTER-0138,GROUP-0138,budget_paper::BUD-B68001C12C,budget_paper,BUD-B68001C12C,Hume Highway Corridor Strategy (Planning) (State and Federal Funded),hume highway corridor strategy planning state and federal funded,Transport for NSW,Various,Hume Corridor,,3,1,False
MASTER-0139,GROUP-0139,budget_paper::BUD-B731621557,budget_paper,BUD-B731621557,Western Sydney Freight Line and Intermodal Terminal (Planning and Development) (State and Federal Funded),western sydney freight line and intermodal terminal planning and development state and federal funded,Transport for NSW,Various,Other Major Programs,,3,1,False
MASTER-0140,GROUP-0140,budget_paper::BUD-BA7EE294B1,budget_paper,BUD-BA7EE294B1,John Renshaw Drive Upgrade (Planning) (State and Federal Funded),john renshaw drive upgrade planning state and federal funded,Transport for NSW,Various,Connecting Hunter Roads,,3,1,False
MASTER-0141,GROUP-0141,budget_paper::BUD-BB57EF85AD,budget_paper,BUD-BB57EF85AD,Marshalls Creek Bridge,marshalls creek bridge,Transport for NSW,Wagga Wagga,Connecting Regional NSW (Roads and Bridges),,3,1,False
MASTER-0142,GROUP-0142,budget_paper::BUD-BB7B597D6A,budget_paper,BUD-BB7B597D6A,Widen Richmond Road at Elara Boulevard (State and Federal Funded)(f),widen richmond road at elara boulevard state and federal funded f,Transport for NSW,Marsden Park,Connecting Sydney Roads,,1,1,False
MASTER-0143,GROUP-0143,budget_paper::BUD-BF17A2C566,budget_paper,BUD-BF17A2C566,Yass Road-Bungendore Road- Ellerton Road Intersection,yass road bungendore road ellerton road intersection,Transport for NSW,Queanbeyan,Regional Roads Fund,,1,1,False
MASTER-0144,GROUP-0144,budget_paper::BUD-BFCA5E7F24,budget_paper,BUD-BFCA5E7F24,Tichborne & Harris Gates Grade Separation Road Interface (State and Federal Funded),tichborne and harris gates grade separation road interface state and federal funded,Transport for NSW,Various,Other Major Programs,,2,1,False
MASTER-0145,GROUP-0145,budget_paper::BUD-C0ECBBC580,budget_paper,BUD-C0ECBBC580,Mona Vale Road West - McCarrs Creek Road to Powder Works Road (State and Federal Funded),mona vale road west mccarrs creek road to powder works road state and federal funded,Transport for NSW,Terrey Hills - Ingleside,Connecting Sydney Roads,,2,1,False
MASTER-0146,GROUP-0146,budget_paper::BUD-C18353623A,budget_paper,BUD-C18353623A,Nowra Bypass and Network Improvements (Planning) (State and Federal Funded),nowra bypass and network improvements planning state and federal funded,Transport for NSW,Nowra,Princes Corridor,,3,1,False
MASTER-0147,GROUP-0147,budget_paper::BUD-C1FE6F4981,budget_paper,BUD-C1FE6F4981,Widen Richmond Road from the M7 to Townson Road (State and Federal Funded)(f),widen richmond road from the m7 to townson road state and federal funded f,Transport for NSW,Colebee,Connecting Sydney Roads,,1,1,False
MASTER-0148,GROUP-0148,budget_paper::BUD-C318EE281A,budget_paper,BUD-C318EE281A,Wakehurst Parkway,wakehurst parkway,Transport for NSW,Various,Connecting Sydney Roads,,3,1,False
MASTER-0149,GROUP-0149,budget_paper::BUD-C653E7DCA6,budget_paper,BUD-C653E7DCA6,"Newell Highway, Parkes Bypass (State and Federal Funded)",newell highway parkes bypass state and federal funded,Transport for NSW,Parkes,Newell Corridor,,1,1,False
MASTER-0150,GROUP-0150,budget_paper::BUD-C854007C49,budget_paper,BUD-C854007C49,Mamre Road Stage 1 - M4 Motorway to Erskine Park Road,mamre road stage 1 m4 motorway to erskine park road,Transport for NSW,St Clair,Connecting Sydney Roads,,2,1,False
MASTER-0151,GROUP-0151,budget_paper::BUD-C96B703CBF,budget_paper,BUD-C96B703CBF,"Richmond Road Upgrade between Elara Boulevard and Heritage Road, Marsden Park (State and Federal Funded)(c)",richmond road upgrade between elara boulevard and heritage road marsden park state and federal funded c,Transport for NSW,Marsden Park,Connecting Sydney Roads,,2,1,False
MASTER-0152,GROUP-0152,budget_paper::BUD-CA0145C609,budget_paper,BUD-CA0145C609,Regional Corridors Upgrade Program - Muswellbrook to Armidale (Phase 2),regional corridors upgrade program muswellbrook to armidale phase 2,Transport for NSW,Various,Regional Corridors Upgrade Program,,1,1,False
MASTER-0153,GROUP-0153,budget_paper::BUD-CB3746823F,budget_paper,BUD-CB3746823F,Opal Next Generation,opal next generation,Transport for NSW,Various,Other Major Programs,,2,1,False
MASTER-0154,GROUP-0154,budget_paper::BUD-CB686A82E2,budget_paper,BUD-CB686A82E2,Other Works,other works,Transport for NSW,Various,Other Major Programs,,1,1,False
MASTER-0155,GROUP-0155,budget_paper::BUD-CC8CCD4602,budget_paper,BUD-CC8CCD4602,Liverpool to Airport Transit Corridor,liverpool to airport transit corridor,Transport for NSW,Various,Urban Roads Fund,,1,1,False
MASTER-0156,GROUP-0156,budget_paper::BUD-CEEED03F65,budget_paper,BUD-CEEED03F65,Macquarie Park Precinct and Bus Interchange (State and Federal Funded),macquarie park precinct and bus interchange state and federal funded,Transport for NSW,Macquarie Park,Interchanges and Accessibility,,3,1,False
MASTER-0157,GROUP-0157,budget_paper::BUD-CF78CC0A58,budget_paper,BUD-CF78CC0A58,"Newcastle Inner City Bypass, Rankin Park to Jesmond (State and Federal Funded)",newcastle inner city bypass rankin park to jesmond state and federal funded,Transport for NSW,Williamtown,Connecting Hunter Roads,,3,1,False
MASTER-0158,GROUP-0158,budget_paper::BUD-D10D435BCC,budget_paper,BUD-D10D435BCC,Road Safety (State and Federal Funded),road safety state and federal funded,Transport for NSW,Various,Other Major Programs,,3,1,False
MASTER-0159,GROUP-0159,budget_paper::BUD-D149CF64EE,budget_paper,BUD-D149CF64EE,New Buses to Cater for NSW Services,new buses to cater for nsw services,Transport for NSW,Various,Other Major Programs,,3,1,False
MASTER-0160,GROUP-0160,budget_paper::BUD-D181E5D50C,budget_paper,BUD-D181E5D50C,"Mamre Road, M4 Motorway to Erskine Park Road",mamre road m4 motorway to erskine park road,Transport for NSW,St Clair,Connecting Sydney Roads,,1,1,False
MASTER-0161,GROUP-0161,budget_paper::BUD-D3E2996928,budget_paper,BUD-D3E2996928,Princes Highway Corridor (NSW) - Milton Ulladulla Bypass (State and Federal Funded),princes highway corridor nsw milton ulladulla bypass state and federal funded,Transport for NSW,Milton,Princes Corridor,,1,1,False
MASTER-0162,GROUP-0162,budget_paper::BUD-D44C3C7C41,budget_paper,BUD-D44C3C7C41,"Memorial Avenue, Old Windsor Road to Windsor Road (State and Federal Funded)",memorial avenue old windsor road to windsor road state and federal funded,Transport for NSW,Kellyville,Connecting Sydney Roads,,1,1,False
MASTER-0163,GROUP-0163,budget_paper::BUD-D748A5085A,budget_paper,BUD-D748A5085A,Woollahra Train Station,woollahra train station,Transport Asset Manager/Holding Entity NSW,Woollahra,,,1,1,False
MASTER-0164,GROUP-0164,budget_paper::BUD-D77A436B81,budget_paper,BUD-D77A436B81,Bells Line of Road Upgrade Program (Federal Funded),bells line of road upgrade program federal funded,Transport for NSW,Blue Mountains,Great Western Highway and Bells Line of Road,,3,1,False
MASTER-0165,GROUP-0165,budget_paper::BUD-DAB31A7E21,budget_paper,BUD-DAB31A7E21,Sydney Metro West,sydney metro west,Sydney Metro,Westmead - Sydney CBD,,,3,1,False
MASTER-0166,GROUP-0166,budget_paper::BUD-DB056B1672,budget_paper,BUD-DB056B1672,Maritime Infrastructure Upgrades,maritime infrastructure upgrades,Transport for NSW,Various,Other Major Programs,,3,1,False
MASTER-0167,GROUP-0167,budget_paper::BUD-DC5F4FB2C9,budget_paper,BUD-DC5F4FB2C9,M1 Princes Motorway Entry and Exit Ramps,m1 princes motorway entry and exit ramps,Transport for NSW,Dapto,Regional Roads Fund,,1,1,False
MASTER-0168,GROUP-0168,budget_paper::BUD-DC8F8422E5,budget_paper,BUD-DC8F8422E5,Garfield Road West (Planning) (State and Federal Funded),garfield road west planning state and federal funded,Transport for NSW,Various,Connecting Sydney Roads,,2,1,False
MASTER-0169,GROUP-0169,budget_paper::BUD-DD5F590495,budget_paper,BUD-DD5F590495,M6 Extension Stage 1,m6 extension stage 1,Transport for NSW,Rockdale,Sydney Motorways,,3,1,False
MASTER-0170,GROUP-0170,budget_paper::BUD-DEBDBA1B99,budget_paper,BUD-DEBDBA1B99,Pedestrian Overpass Hurstville Primary (Planning),pedestrian overpass hurstville primary planning,Transport for NSW,Hurstville,Urban Roads Fund,,2,1,False
MASTER-0171,GROUP-0171,budget_paper::BUD-DECAE5B450,budget_paper,BUD-DECAE5B450,Mount Ousley Safety and Reliability Works (Planning) (State and Federal Funded),mount ousley safety and reliability works planning state and federal funded,Transport for NSW,Mount Ousley,Princes Corridor,,2,1,False
MASTER-0172,GROUP-0172,budget_paper::BUD-DFA7CB71FD,budget_paper,BUD-DFA7CB71FD,Transport Access Program - Commuter Wharf Upgrades,transport access program commuter wharf upgrades,Transport for NSW,Various,Interchanges and Accessibility,,1,1,False
MASTER-0173,GROUP-0173,budget_paper::BUD-E0C3AB31A5,budget_paper,BUD-E0C3AB31A5,"King Georges Road, Stoney Creek Road to Connells Point Road (State and Federal Funded)",king georges road stoney creek road to connells point road state and federal funded,Transport for NSW,Penshurst,Connecting Sydney Roads,,1,1,False
MASTER-0174,GROUP-0174,budget_paper::BUD-E3A9B7A928,budget_paper,BUD-E3A9B7A928,RegStar Program,regstar program,Transport for NSW,Various,Other Major Programs,,1,1,False
MASTER-0175,GROUP-0175,budget_paper::BUD-E409D02F81,budget_paper,BUD-E409D02F81,Regional Corridors Upgrade Program - Newcastle to Dubbo (Phase 2)(d)(f),regional corridors upgrade program newcastle to dubbo phase 2 d f,Transport for NSW,Various,Regional Corridors Upgrade Program,,1,1,False
MASTER-0176,GROUP-0176,budget_paper::BUD-E657093806,budget_paper,BUD-E657093806,Monaro Highway Upgrade Program,monaro highway upgrade program,Transport for NSW,Williamsdale - Cooma,Connecting Regional NSW (Roads and Bridges),,2,1,False
MASTER-0177,GROUP-0177,budget_paper::BUD-E76DF8E081,budget_paper,BUD-E76DF8E081,New Richmond Bridge and Traffic Improvements (State and Federal Funded),new richmond bridge and traffic improvements state and federal funded,Transport for NSW,North Richmond,Connecting Sydney Roads,,3,1,False
MASTER-0178,GROUP-0178,budget_paper::BUD-E966C277DD,budget_paper,BUD-E966C277DD,Henry Lawson Drive Upgrade Stage 1B,henry lawson drive upgrade stage 1b,Transport for NSW,Milperra,Urban Roads Fund,,1,1,False
MASTER-0179,GROUP-0179,budget_paper::BUD-EB9D9B0E5A,budget_paper,BUD-EB9D9B0E5A,"Safe, Accessible Transport Upgrades",safe accessible transport upgrades,Transport for NSW,Various,Other Major Programs,,2,1,False
MASTER-0180,GROUP-0180,budget_paper::BUD-EC1C07423F,budget_paper,BUD-EC1C07423F,XPT Fleet Upgrade (Planning),xpt fleet upgrade planning,Transport Asset Manager/Holding Entity NSW,Various,,,2,1,False
MASTER-0181,GROUP-0181,budget_paper::BUD-F08503D135,budget_paper,BUD-F08503D135,Tangara Fleet Life Extension,tangara fleet life extension,Transport Asset Manager/Holding Entity NSW,Various,,,3,1,False
MASTER-0182,GROUP-0182,budget_paper::BUD-F1488DCD1A,budget_paper,BUD-F1488DCD1A,RegStar Program (Planning and Development),regstar program planning and development,Transport for NSW,Various,Other Major Programs,,1,1,False
MASTER-0183,GROUP-0183,budget_paper::BUD-F3BA4F7F01,budget_paper,BUD-F3BA4F7F01,Rural and Regional Ticketing Solution,rural and regional ticketing solution,Transport for NSW,Various,Other Major Programs,,2,1,False
MASTER-0184,GROUP-0184,budget_paper::BUD-F3D5853ABB,budget_paper,BUD-F3D5853ABB,M7-M12 Integration(d)(e),m7 m12 integration d e,Transport for NSW,Various,Sydney Motorways,,1,1,False
MASTER-0185,GROUP-0185,budget_paper::BUD-F5F966FB94,budget_paper,BUD-F5F966FB94,Bus Priority Infrastructure,bus priority infrastructure,Transport for NSW,Various,Easing Sydney's Congestion,,3,1,False
MASTER-0186,GROUP-0186,budget_paper::BUD-F7801A4F2A,budget_paper,BUD-F7801A4F2A,Sydney Gateway,sydney gateway,Transport for NSW,Mascot,Sydney Motorways,,1,1,False
MASTER-0187,GROUP-0187,budget_paper::BUD-F88C70FC79,budget_paper,BUD-F88C70FC79,Transport Connected Bus Program,transport connected bus program,Transport for NSW,Various,Other Major Programs,,1,1,False
MASTER-0188,GROUP-0188,budget_paper::BUD-F9D5A88353,budget_paper,BUD-F9D5A88353,Heavy Vehicle Rest Stops Improvement Program,heavy vehicle rest stops improvement program,Transport for NSW,Various,Other Major Programs,,3,1,False
MASTER-0189,GROUP-0189,budget_paper::BUD-F9E440143C,budget_paper,BUD-F9E440143C,"Newell Highway, New Dubbo Bridge (State and Federal Funded)",newell highway new dubbo bridge state and federal funded,Transport for NSW,Dubbo,Newell Corridor,,3,1,False
MASTER-0190,GROUP-0190,budget_paper::BUD-F9FD0AB531,budget_paper,BUD-F9FD0AB531,Golden Highway Dubbo to Newcastle Improvement Program (Planning) (State and Federal Funded),golden highway dubbo to newcastle improvement program planning state and federal funded,Transport for NSW,Various,Connecting Regional NSW (Roads and Bridges),,2,1,False
MASTER-0191,GROUP-0191,budget_paper::BUD-FAE850347A,budget_paper,BUD-FAE850347A,Henry Lawson Drive Upgrade Stage 1B (State and Federal Funded)(c),henry lawson drive upgrade stage 1b state and federal funded c,Transport for NSW,Milperra,Urban Roads Fund,,2,1,False
MASTER-0192,GROUP-0192,budget_paper::BUD-FB1DC2209F,budget_paper,BUD-FB1DC2209F,Fifteenth Avenue Upgrade (State and Federal Funded)(c),fifteenth avenue upgrade state and federal funded c,Transport for NSW,Various,Urban Roads Fund,,2,1,False
MASTER-0193,GROUP-0193,budget_paper::BUD-FB8997A946,budget_paper,BUD-FB8997A946,Rouse Hill Hospital Transport Integration (Planning),rouse hill hospital transport integration planning,Transport for NSW,Rouse Hill,Other Major Programs,,1,1,False
MASTER-0194,GROUP-0194,budget_paper::BUD-FC96C8B06D,budget_paper,BUD-FC96C8B06D,New England Highway Corridor - Priority Intersection Upgrades (State and Federal Funded),new england highway corridor priority intersection upgrades state and federal funded,Transport for NSW,Various,New England Corridor,,1,1,False
MASTER-0195,GROUP-0195,budget_paper::BUD-FCAAF33041,budget_paper,BUD-FCAAF33041,Mulgoa Road Stage 2 - Glenmore Parkway to Jeanette Street (State and Federal Funded),mulgoa road stage 2 glenmore parkway to jeanette street state and federal funded,Transport for NSW,Regentville,Connecting Sydney Roads,,3,1,False
MASTER-0196,GROUP-0196,budget_paper::BUD-FE4152BC35,budget_paper,BUD-FE4152BC35,Hume Highway Heavy Duty Pavement Upgrade,hume highway heavy duty pavement upgrade,Transport for NSW,Marulan,Hume Corridor,,3,1,False
MASTER-0197,GROUP-0197,budget_paper::BUD-FE972089E9,budget_paper,BUD-FE972089E9,Pinch Points (State and Federal Funded),pinch points state and federal funded,Transport for NSW,Various,Easing Sydney's Congestion,,2,1,False
MASTER-0198,GROUP-0198,project_register::PRJ-0002,project_register,PRJ-0002,Almond Street to M1 Princes Motorway,almond street to m1 princes motorway,,,In Planning,https://roads-waterways.transport.nsw.gov.au/projects/picton-road-projects/picton-road-upgrade/index.html,1,2,True
MASTER-0198,GROUP-0198,project_timeline::TFNSW-0017,project_timeline,TFNSW-0017,Almond Street to M1 Princes Motorway,almond street to m1 princes motorway,,,Picton Road Upgrade Program,,1,2,True
MASTER-0199,GROUP-0199,project_register::PRJ-0003,project_register,PRJ-0003,Appin Road safety improvements,appin road safety improvements,,,Pipeline,https://roads-waterways.transport.nsw.gov.au/projects/appin-road-improvements/index.html,1,2,True
MASTER-0199,GROUP-0199,project_timeline::TFNSW-0059,project_timeline,TFNSW-0059,Appin Road Safety Improvements,appin road safety improvements,,,Central River City,,2,2,True
MASTER-0200,GROUP-0200,project_register::PRJ-0004,project_register,PRJ-0004,Appin Town Centre By-Pass,appin town centre by pass,,,In Planning,https://www.transport.nsw.gov.au/projects/current-projects/south-west-roads-planning,1,2,True
MASTER-0200,GROUP-0200,project_timeline::TFNSW-0060,project_timeline,TFNSW-0060,Appin Town Centre By- Pass,appin town centre by pass,,,Central River City,,2,2,True
MASTER-0201,GROUP-0201,project_register::PRJ-0005,project_register,PRJ-0005,Australia Avenue intersection upgrade,australia avenue intersection upgrade,,,Pipeline,https://roads-waterways.transport.nsw.gov.au/projects/homebush-bay-drive-australia-ave-upgrade/index.html,1,2,True
MASTER-0201,GROUP-0201,project_timeline::TFNSW-0061,project_timeline,TFNSW-0061,Australia Avenue intersection upgrade,australia avenue intersection upgrade,,,Central River City,,2,2,True
MASTER-0202,GROUP-0202,project_register::PRJ-0006,project_register,PRJ-0006,Avoca Drive upgrade Kincumber,avoca drive upgrade kincumber,,,In Planning,https://www.transport.nsw.gov.au/projects/current-projects/avoca-drive-upgrade-at-kincumber,1,2,True
MASTER-0202,GROUP-0202,project_timeline::TFNSW-0003,project_timeline,TFNSW-0003,"Avoca Drive Upgrade, Kincumber",avoca drive upgrade kincumber,,,Central Coast roads,,4,2,True
MASTER-0203,GROUP-0203,project_register::PRJ-0007,project_register,PRJ-0007,"Bandon Road Upgrade & Extension, Windsor Road to Richmond Road",bandon road upgrade and extension windsor road to richmond road,,,Pipeline,https://www.transport.nsw.gov.au/projects/current-projects/bandon-road-north-west-growth-area,1,2,True
MASTER-0203,GROUP-0203,project_timeline::TFNSW-0074,project_timeline,TFNSW-0074,"Bandon Road Upgrade & Extension, Windsor Road to Richmond Road",bandon road upgrade and extension windsor road to richmond road,,,Western Parkland City,,2,2,True
MASTER-0204,GROUP-0204,project_register::PRJ-0008,project_register,PRJ-0008,Barton Highway upgrade - Stage 2,barton highway upgrade stage 2,,,In Planning,https://www.transport.nsw.gov.au/projects/current-projects/barton-highway-corridor-upgrade-stage-2-barton-highway,1,2,True
MASTER-0204,GROUP-0204,project_timeline::TFNSW-0026,project_timeline,TFNSW-0026,Barton Highway Upgrade - Stage 2,barton highway upgrade stage 2,,,Regional NSW major road and bridge upgrades,,3,2,True
MASTER-0205,GROUP-0205,project_register::PRJ-0009,project_register,PRJ-0009,Bells Line of Road safety improvements,bells line of road safety improvements,,,In Planning,https://www.transport.nsw.gov.au/projects/current-projects/bells-line-of-road-safety-improvements,1,2,True
MASTER-0205,GROUP-0205,project_timeline::TFNSW-0001,project_timeline,TFNSW-0001,Bells Line of Road Safety Improvements,bells line of road safety improvements,,,Bells Line of Road,,1,2,True
MASTER-0206,GROUP-0206,project_register::PRJ-0010,project_register,PRJ-0010,Bradfield Metro Link Road - Badgery's Creek Road to Proposed Eastern Ring Road,bradfield metro link road badgery s creek road to proposed eastern ring road,,,In Planning,https://www.transport.nsw.gov.au/projects/current-projects/bradfield-precinct-priority-roads,1,1,False
MASTER-0207,GROUP-0207,project_register::PRJ-0011,project_register,PRJ-0011,Bulli Bypass,bulli bypass,,,In Planning,https://www.transport.nsw.gov.au/projects/current-projects/bulli-bypass,1,2,True
MASTER-0207,GROUP-0207,project_timeline::TFNSW-0019,project_timeline,TFNSW-0019,Bulli Bypass,bulli bypass,,,Princes Highway,,1,2,True
MASTER-0208,GROUP-0208,project_register::PRJ-0012,project_register,PRJ-0012,Burdekin Road and Townson Road upgrade,burdekin road and townson road upgrade,,,In Planning,https://roads-waterways.transport.nsw.gov.au/projects/north-west-growth-centre-strategy/townson-burdekin-road.html,1,2,True
MASTER-0208,GROUP-0208,project_timeline::TFNSW-0076,project_timeline,TFNSW-0076,Burdekin Road and Townson Road Upgrade,burdekin road and townson road upgrade,,,Western Parkland City,,1,2,True
MASTER-0209,GROUP-0209,project_register::PRJ-0013,project_register,PRJ-0013,Bus Service Improvement Program,bus service improvement program,,,In Planning,https://www.transport.nsw.gov.au/,1,2,True
MASTER-0209,GROUP-0209,project_timeline::TFNSW-0045,project_timeline,TFNSW-0045,Bus Service Improvement Program,bus service improvement program,,,Buses,,1,2,True
MASTER-0210,GROUP-0210,project_register::PRJ-0014,project_register,PRJ-0014,Cambridge Avenue upgrade,cambridge avenue upgrade,,,In Planning,https://www.transport.nsw.gov.au/projects/current-projects/cambridge-avenue-glenfield-upgrade,1,2,True
MASTER-0210,GROUP-0210,project_timeline::TFNSW-0077,project_timeline,TFNSW-0077,Cambridge Avenue upgrade,cambridge avenue upgrade,,,Western Parkland City,,1,2,True
MASTER-0211,GROUP-0211,project_register::PRJ-0015,project_register,PRJ-0015,Camden Valley Way,camden valley way,,,In Planning,https://www.transport.nsw.gov.au/projects/current-projects/south-west-roads-planning,1,2,True
MASTER-0211,GROUP-0211,project_timeline::TFNSW-0078,project_timeline,TFNSW-0078,Camden Valley Way,camden valley way,,,Western Parkland City,,2,2,True
MASTER-0212,GROUP-0212,project_register::PRJ-0016,project_register,PRJ-0016,Campbelltown Road,campbelltown road,,,In Planning,https://www.transport.nsw.gov.au/projects/current-projects/south-west-roads-planning,1,2,True
MASTER-0212,GROUP-0212,project_timeline::TFNSW-0079,project_timeline,TFNSW-0079,Campbelltown Road,campbelltown road,,,Western Parkland City,,2,2,True
MASTER-0213,GROUP-0213,project_register::PRJ-0017,project_register,PRJ-0017,Castlereagh Connection,castlereagh connection,,,In Planning,https://www.transport.nsw.gov.au/,1,2,True
MASTER-0213,GROUP-0213,project_timeline::TFNSW-0002,project_timeline,TFNSW-0002,Castlereagh Connection,castlereagh connection,,,Bells Line of Road,,1,2,True
MASTER-0214,GROUP-0214,project_register::PRJ-0018,project_register,PRJ-0018,Central Precinct Renewal Program - Main Works,central precinct renewal program main works,,,In Planning,https://www.transport.nsw.gov.au/projects/current-projects/central-precinct-renewal-program,1,2,True
MASTER-0214,GROUP-0214,project_timeline::TFNSW-0043,project_timeline,TFNSW-0043,Central Precinct Renewal Program - Main Works,central precinct renewal program main works,,,Eastern Harbour City,,1,2,True
MASTER-0215,GROUP-0215,project_register::PRJ-0019,project_register,PRJ-0019,Circular Quay renewal,circular quay renewal,,,In Planning,https://www.transport.nsw.gov.au/,1,2,True
MASTER-0215,GROUP-0215,project_timeline::TFNSW-0044,project_timeline,TFNSW-0044,Circular Quay Renewal,circular quay renewal,,,Eastern Harbour City,,1,2,True
MASTER-0216,GROUP-0216,project_register::PRJ-0020,project_register,PRJ-0020,Cowpasture Road,cowpasture road,,,In Planning,https://www.transport.nsw.gov.au/,1,2,True
MASTER-0216,GROUP-0216,project_timeline::TFNSW-0080,project_timeline,TFNSW-0080,Cowpasture Road,cowpasture road,,,Western Parkland City,,1,2,True
MASTER-0217,GROUP-0217,project_register::PRJ-0021,project_register,PRJ-0021,Dapto Ramps,dapto ramps,,,In Planning,https://www.transport.nsw.gov.au/projects/current-projects/south-facing-ramps-at-dapto,1,2,True
MASTER-0217,GROUP-0217,project_timeline::TFNSW-0020,project_timeline,TFNSW-0020,Dapto Ramps,dapto ramps,,,Princes Highway,,1,2,True
MASTER-0218,GROUP-0218,project_register::PRJ-0022,project_register,PRJ-0022,Devonshire Link Road - Mamre Road Stage 2 to Elizabeth Drive,devonshire link road mamre road stage 2 to elizabeth drive,,,In Planning,https://www.transport.nsw.gov.au/,1,2,True
MASTER-0218,GROUP-0218,project_timeline::TFNSW-0081,project_timeline,TFNSW-0081,Devonshire Link Road - Mamre Road Stage 2 to Elizabeth Drive,devonshire link road mamre road stage 2 to elizabeth drive,,,Western Parkland City,,1,2,True
MASTER-0219,GROUP-0219,project_register::PRJ-0023,project_register,PRJ-0023,Devonshire Road - Elizabeth Drive to Bringelly Road,devonshire road elizabeth drive to bringelly road,,,In Planning,https://www.transport.nsw.gov.au/,1,2,True
MASTER-0219,GROUP-0219,project_timeline::TFNSW-0082,project_timeline,TFNSW-0082,Devonshire Road - Elizabeth Drive to Bringelly Road,devonshire road elizabeth drive to bringelly road,,,Western Parkland City,,1,2,True
MASTER-0220,GROUP-0220,project_register::PRJ-0024,project_register,PRJ-0024,Eastern Ring Road and Badgerys Creek Road (South) - Elizabeth Drive to The Northern Road,eastern ring road and badgerys creek road south elizabeth drive to the northern road,,,In Planning,https://www.transport.nsw.gov.au/,1,2,True
MASTER-0220,GROUP-0220,project_timeline::TFNSW-0083,project_timeline,TFNSW-0083,Eastern Ring Road and Badgerys Creek Road (South) - Elizabeth Drive to The Northern Road,eastern ring road and badgerys creek road south elizabeth drive to the northern road,,,Western Parkland City,,1,2,True
MASTER-0221,GROUP-0221,project_register::PRJ-0025,project_register,PRJ-0025,"Elizabeth Drive upgrade-Stage 1, Devonshire Road to Badgerys Creek",elizabeth drive upgrade stage 1 devonshire road to badgerys creek,,,Pipeline,https://roads-waterways.transport.nsw.gov.au/projects/elizabeth-drive-upgrade/index.html,1,2,True
MASTER-0221,GROUP-0221,project_timeline::TFNSW-0084,project_timeline,TFNSW-0084,"Elizabeth Drive upgrade- Stage 1, Devonshire Road to Badgerys Creek",elizabeth drive upgrade stage 1 devonshire road to badgerys creek,,,Western Parkland City,,2,2,True
MASTER-0222,GROUP-0222,project_register::PRJ-0026,project_register,PRJ-0026,Epping Bridge Project,epping bridge project,,,In Planning,https://www.transport.nsw.gov.au/projects/current-projects/epping-bridge-project,1,2,True
MASTER-0222,GROUP-0222,project_timeline::TFNSW-0101,project_timeline,TFNSW-0101,Epping Bridge Project,epping bridge project,,,Central River City,,3,2,True
MASTER-0223,GROUP-0223,project_register::PRJ-0027,project_register,PRJ-0027,Extend northbound overtaking lane on the approach to New Illawarra Road by approx 800m,extend northbound overtaking lane on the approach to new illawarra road by approx 800m,,,Pipeline,https://www.transport.nsw.gov.au/,1,2,True
MASTER-0223,GROUP-0223,project_timeline::TFNSW-0068,project_timeline,TFNSW-0068,Extend northbound overtaking lane on the approach to New Illawarra Road by approx 800m,extend northbound overtaking lane on the approach to new illawarra road by approx 800m,,,Eastern Harbour City,,2,2,True
MASTER-0224,GROUP-0224,project_register::PRJ-0028,project_register,PRJ-0028,Fifteenth Avenue Upgrade,fifteenth avenue upgrade,,,Pipeline,https://www.transport.nsw.gov.au/projects/current-projects/fifteenth-avenue-transit-corridor,1,2,True
MASTER-0224,GROUP-0224,project_timeline::TFNSW-0085,project_timeline,TFNSW-0085,Fifteenth Avenue Upgrade,fifteenth avenue upgrade,,,Western Parkland City,,2,2,True
MASTER-0225,GROUP-0225,project_register::PRJ-0029,project_register,PRJ-0029,Future Fleet Program,future fleet program,,,In Planning,https://www.transport.nsw.gov.au/,1,2,True
MASTER-0225,GROUP-0225,project_timeline::TFNSW-0102,project_timeline,TFNSW-0102,Future Fleet Program,future fleet program,,,Rail,,2,2,True
MASTER-0226,GROUP-0226,project_register::PRJ-0030,project_register,PRJ-0030,Garfield Road Central,garfield road central,,,In Planning,https://www.transport.nsw.gov.au/projects/current-projects/garfield-road-central,1,2,True
MASTER-0226,GROUP-0226,project_timeline::TFNSW-0086,project_timeline,TFNSW-0086,Garfield Road Central,garfield road central,,,Western Parkland City,,1,2,True
MASTER-0227,GROUP-0227,project_register::PRJ-0031,project_register,PRJ-0031,Garfield Road Upgrade West,garfield road upgrade west,,,In Planning,https://roads-waterways.transport.nsw.gov.au/projects/north-west-growth-centre-strategy/garfield-road.html,1,2,True
MASTER-0227,GROUP-0227,project_timeline::TFNSW-0088,project_timeline,TFNSW-0088,Garfield Road Upgrade West,garfield road upgrade west,,,Western Parkland City,,1,2,True
MASTER-0228,GROUP-0228,project_register::PRJ-0032,project_register,PRJ-0032,Garfield Road upgrade East,garfield road upgrade east,,,Pipeline,https://roads-waterways.transport.nsw.gov.au/projects/north-west-growth-centre-strategy/garfield-road.html,1,2,True
MASTER-0228,GROUP-0228,project_timeline::TFNSW-0087,project_timeline,TFNSW-0087,Garfield Road Upgrade East,garfield road upgrade east,,,Western Parkland City,,2,2,True
MASTER-0229,GROUP-0229,project_register::PRJ-0033,project_register,PRJ-0033,Glebe Island Bridge,glebe island bridge,,,In Planning,https://www.transport.nsw.gov.au/gib,1,2,True
MASTER-0229,GROUP-0229,project_timeline::TFNSW-0069,project_timeline,TFNSW-0069,Glebe Island Bridge,glebe island bridge,,,Eastern Harbour City,,2,2,True
MASTER-0230,GROUP-0230,project_register::PRJ-0034,project_register,PRJ-0034,"Goonoo Goonoo Road widening, Tamworth",goonoo goonoo road widening tamworth,,,Pipeline,https://www.transport.nsw.gov.au/projects/current-projects/goonoo-goonoo-road-tamworth,1,2,True
MASTER-0230,GROUP-0230,project_timeline::TFNSW-0013,project_timeline,TFNSW-0013,"Goonoo Goonoo Road widening, Tamworth",goonoo goonoo road widening tamworth,,,New England Highway,,3,2,True
MASTER-0231,GROUP-0231,project_register::PRJ-0035,project_register,PRJ-0035,Gosford Bypass,gosford bypass,,,In Planning,https://www.transport.nsw.gov.au/projects/current-projects/gosford-bypass,1,2,True
MASTER-0231,GROUP-0231,project_timeline::TFNSW-0007,project_timeline,TFNSW-0007,Gosford Bypass,gosford bypass,,,Hunter roads,,1,2,True
MASTER-0232,GROUP-0232,project_register::PRJ-0036,project_register,PRJ-0036,"Great Western Hwy and Parker St Intersection upgrade, Penrith",great western hwy and parker st intersection upgrade penrith,,,In Planning,https://www.transport.nsw.gov.au/,1,2,True
MASTER-0232,GROUP-0232,project_timeline::TFNSW-0089,project_timeline,TFNSW-0089,"Great Western Hwy and Parker St Intersection upgrade, Penrith",great western hwy and parker st intersection upgrade penrith,,,Western Parkland City,,1,2,True
MASTER-0233,GROUP-0233,project_register::PRJ-0037,project_register,PRJ-0037,Hawkesbury-Nepean Valley Road Resilience Program,hawkesbury nepean valley road resilience program,,,In Planning,https://roads-waterways.transport.nsw.gov.au/projects/flood-resilience-program/index.html,1,2,True
MASTER-0233,GROUP-0233,project_timeline::TFNSW-0090,project_timeline,TFNSW-0090,Hawkesbury-Nepean Valley Road Resilience Program,hawkesbury nepean valley road resilience program,,,Western Parkland City,,1,2,True
MASTER-0234,GROUP-0234,project_register::PRJ-0038,project_register,PRJ-0038,"Heathcote Road, The Avenue to Princes Highway",heathcote road the avenue to princes highway,,,In Planning,https://roads-waterways.transport.nsw.gov.au/projects/heathcote-road-upgrade/index.html,1,2,True
MASTER-0234,GROUP-0234,project_timeline::TFNSW-0070,project_timeline,TFNSW-0070,"Heathcote Road, The Avenue to Princes Highway",heathcote road the avenue to princes highway,,,Eastern Harbour City,,2,2,True
MASTER-0235,GROUP-0235,project_register::PRJ-0039,project_register,PRJ-0039,Henry Lawson Drive Stage 1B,henry lawson drive stage 1b,,,Pipeline,https://www.transport.nsw.gov.au/projects/current-projects/henry-lawson-drive-upgrade-stage-1b,1,2,True
MASTER-0235,GROUP-0235,project_timeline::TFNSW-0062,project_timeline,TFNSW-0062,Henry Lawson Drive Stage 1B,henry lawson drive stage 1b,,,Central River City,,2,2,True
MASTER-0236,GROUP-0236,project_register::PRJ-0040,project_register,PRJ-0040,Hume Motorway,hume motorway,,,In Planning,https://www.transport.nsw.gov.au/projects/current-projects/south-west-roads-planning,1,2,True
MASTER-0236,GROUP-0236,project_timeline::TFNSW-0063,project_timeline,TFNSW-0063,Hume Motorway,hume motorway,,,Central River City,,2,2,True
MASTER-0237,GROUP-0237,project_register::PRJ-0041,project_register,PRJ-0041,James Ruse Drive/Hassall Street,james ruse drive hassall street,,,In Planning,https://www.transport.nsw.gov.au/,1,2,True
MASTER-0237,GROUP-0237,project_timeline::TFNSW-0064,project_timeline,TFNSW-0064,James Ruse Drive/Hassall Street,james ruse drive hassall street,,,Central River City,,1,2,True
MASTER-0238,GROUP-0238,project_register::PRJ-0042,project_register,PRJ-0042,Jervis Bay Road to Hawken Road,jervis bay road to hawken road,,,In Planning,https://roads-waterways.transport.nsw.gov.au/projects/princes-highway/jervis-bay-road-to-sussex-inlet-upgrade.html,1,2,True
MASTER-0238,GROUP-0238,project_timeline::TFNSW-0021,project_timeline,TFNSW-0021,Jervis Bay Road to Hawken Road,jervis bay road to hawken road,,,Princes Highway,,3,2,True
MASTER-0239,GROUP-0239,project_register::PRJ-0043,project_register,PRJ-0043,"John Renshaw Drive upgrade, Black Hill",john renshaw drive upgrade black hill,,,In Planning,https://investment.infrastructure.gov.au/projects/117864-21nsw-np,1,2,True
MASTER-0239,GROUP-0239,project_timeline::TFNSW-0008,project_timeline,TFNSW-0008,"John Renshaw Drive upgrade, Black Hill",john renshaw drive upgrade black hill,,,Hunter roads,,3,2,True
MASTER-0240,GROUP-0240,project_register::PRJ-0044,project_register,PRJ-0044,M1 Pacific Motorway Upgrade between Wahroonga and Beresfield,m1 pacific motorway upgrade between wahroonga and beresfield,,,In Planning,https://www.transport.nsw.gov.au/,1,2,True
MASTER-0240,GROUP-0240,project_timeline::TFNSW-0027,project_timeline,TFNSW-0027,M1 Pacific Motorway Upgrade between Wahroonga and Beresfield,m1 pacific motorway upgrade between wahroonga and beresfield,,,Regional NSW major road and bridge upgrades,,1,2,True
MASTER-0241,GROUP-0241,project_register::PRJ-0045,project_register,PRJ-0045,Macquarie Park Precinct and Bus Interchange,macquarie park precinct and bus interchange,,,In Planning,https://www.transport.nsw.gov.au/projects/current-projects/macquarie-park-precinct-and-bus-interchange,1,2,True
MASTER-0241,GROUP-0241,project_timeline::TFNSW-0046,project_timeline,TFNSW-0046,Macquarie Park Precinct and Bus Interchange,macquarie park precinct and bus interchange,,,Buses,,2,2,True
MASTER-0242,GROUP-0242,project_register::PRJ-0046,project_register,PRJ-0046,Maitland Westbound Overpass,maitland westbound overpass,,,In Planning,https://www.transport.nsw.gov.au/,1,2,True
MASTER-0242,GROUP-0242,project_timeline::TFNSW-0014,project_timeline,TFNSW-0014,Maitland Westbound Overpass,maitland westbound overpass,,,New England Highway,,2,2,True
MASTER-0243,GROUP-0243,project_register::PRJ-0047,project_register,PRJ-0047,Mamre Road Upgrade - Stage 2,mamre road upgrade stage 2,,,Pipeline,https://www.transport.nsw.gov.au/projects/current-projects/mamre-road-upgrade-%E2%80%93-between-erskine-park-road-erskine-park-and-kerrs,1,2,True
MASTER-0243,GROUP-0243,project_timeline::TFNSW-0091,project_timeline,TFNSW-0091,Mamre Road Upgrade - Stage 2,mamre road upgrade stage 2,,,Western Parkland City,,2,2,True
MASTER-0244,GROUP-0244,project_register::PRJ-0048,project_register,PRJ-0048,"Mandalong Road upgrade, Morisset",mandalong road upgrade morisset,,,Pipeline,https://www.transport.nsw.gov.au/projects/current-projects/mandalong-road-upgrade-morisset,1,2,True
MASTER-0244,GROUP-0244,project_timeline::TFNSW-0009,project_timeline,TFNSW-0009,"Mandalong Road upgrade, Morisset",mandalong road upgrade morisset,,,Hunter roads,,3,2,True
MASTER-0245,GROUP-0245,project_register::PRJ-0049,project_register,PRJ-0049,"Manns Road Upgrade, Stockyard Place to Narara Creek Road priority intersection upgrades",manns road upgrade stockyard place to narara creek road priority intersection upgrades,,,In Planning,https://roads-waterways.transport.nsw.gov.au/projects/west-gosford-to-narara/index.html,1,2,True
MASTER-0245,GROUP-0245,project_timeline::TFNSW-0004,project_timeline,TFNSW-0004,"Manns Road Upgrade, Stockyard Place to Narara Creek Road Priority Intersection Upgrades",manns road upgrade stockyard place to narara creek road priority intersection upgrades,,,Central Coast roads,,1,2,True
MASTER-0246,GROUP-0246,project_register::PRJ-0050,project_register,PRJ-0050,Menangle Road,menangle road,,,In Planning,https://www.transport.nsw.gov.au/projects/current-projects/menangle-road-upgrade,1,2,True
MASTER-0246,GROUP-0246,project_timeline::TFNSW-0065,project_timeline,TFNSW-0065,Menangle Road,menangle road,,,Central River City,,2,2,True
MASTER-0247,GROUP-0247,project_register::PRJ-0051,project_register,PRJ-0051,Milton/Ulladulla Bypass,milton ulladulla bypass,,,In Planning,https://roads-waterways.transport.nsw.gov.au/projects/milton-ulladulla-bypass/index.html,1,2,True
MASTER-0247,GROUP-0247,project_timeline::TFNSW-0022,project_timeline,TFNSW-0022,Milton/Ulladulla Bypass,milton ulladulla bypass,,,Princes Highway,,4,2,True
MASTER-0248,GROUP-0248,project_register::PRJ-0052,project_register,PRJ-0052,"Mona Vale Road West upgrade, McCarrs Creek Road to Powder Works Road",mona vale road west upgrade mccarrs creek road to powder works road,,,Pipeline,https://roads-waterways.transport.nsw.gov.au/projects/mona-vale-road/mvrwest/index.html,1,2,True
MASTER-0248,GROUP-0248,project_timeline::TFNSW-0071,project_timeline,TFNSW-0071,"Mona Vale Road West upgrade, McCarrs Creek Road to Powder Works Road",mona vale road west upgrade mccarrs creek road to powder works road,,,Eastern Harbour City,,3,2,True
MASTER-0249,GROUP-0249,project_register::PRJ-0053,project_register,PRJ-0053,Mount Ousley Safety and Reliability,mount ousley safety and reliability,,,In Planning,https://www.transport.nsw.gov.au/projects/current-projects/mount-ousley-safety-and-reliability-improvements,1,2,True
MASTER-0249,GROUP-0249,project_timeline::TFNSW-0023,project_timeline,TFNSW-0023,Mount Ousley Safety and Reliability,mount ousley safety and reliability,,,Princes Highway,,1,2,True
MASTER-0250,GROUP-0250,project_register::PRJ-0054,project_register,PRJ-0054,Mulgoa Road Upgrade Stage 5a & 5b,mulgoa road upgrade stage 5a and 5b,,,In Planning,https://www.transport.nsw.gov.au/,1,2,True
MASTER-0250,GROUP-0250,project_timeline::TFNSW-0092,project_timeline,TFNSW-0092,Mulgoa Road Upgrade Stage 5a & 5b,mulgoa road upgrade stage 5a and 5b,,,Western Parkland City,,2,2,True
MASTER-0251,GROUP-0251,project_register::PRJ-0055,project_register,PRJ-0055,Muswellbrook Bypass,muswellbrook bypass,,,Pipeline,https://roads-waterways.transport.nsw.gov.au/projects/new-england-highway/muswellbrook-bypass.html,1,2,True
MASTER-0251,GROUP-0251,project_timeline::TFNSW-0015,project_timeline,TFNSW-0015,Muswellbrook Bypass,muswellbrook bypass,,,New England Highway,,3,2,True
MASTER-0252,GROUP-0252,project_register::PRJ-0056,project_register,PRJ-0056,Narooma Bridge,narooma bridge,,,In Planning,https://www.transport.nsw.gov.au/,1,2,True
MASTER-0252,GROUP-0252,project_timeline::TFNSW-0024,project_timeline,TFNSW-0024,Narooma bridge,narooma bridge,,,Princes Highway,,1,2,True
MASTER-0253,GROUP-0253,project_register::PRJ-0057,project_register,PRJ-0057,Nelson Bay Road Improvements,nelson bay road improvements,,,In Planning,https://roads-waterways.transport.nsw.gov.au/projects/nelson-bay-road/index.html,1,2,True
MASTER-0253,GROUP-0253,project_timeline::TFNSW-0010,project_timeline,TFNSW-0010,Nelson Bay Road Improvements,nelson bay road improvements,,,Hunter roads,,3,2,True
MASTER-0254,GROUP-0254,project_register::PRJ-0058,project_register,PRJ-0058,Nepean River to Almond Street,nepean river to almond street,,,In Planning,https://roads-waterways.transport.nsw.gov.au/projects/picton-road-projects/picton-road-upgrade/index.html,1,2,True
MASTER-0254,GROUP-0254,project_timeline::TFNSW-0018,project_timeline,TFNSW-0018,Nepean River to Almond Street,nepean river to almond street,,,Picton Road Upgrade Program,,1,2,True
MASTER-0255,GROUP-0255,project_register::PRJ-0059,project_register,PRJ-0059,New Bus Services for Western Sydney,new bus services for western sydney,,,Pipeline,https://www.transport.nsw.gov.au/projects/current-projects/new-bus-services-for-western-sydney,1,2,True
MASTER-0255,GROUP-0255,project_timeline::TFNSW-0047,project_timeline,TFNSW-0047,New Bus Services for Western Sydney,new bus services for western sydney,,,Buses,,3,2,True
MASTER-0256,GROUP-0256,project_register::PRJ-0061,project_register,PRJ-0061,New Electric Bus Program - Tranche 2,new electric bus program tranche 2,,,In Planning,https://www.transport.nsw.gov.au/,1,2,True
MASTER-0256,GROUP-0256,project_timeline::TFNSW-0049,project_timeline,TFNSW-0049,New Electric Bus Program Tranche 2,new electric bus program tranche 2,,,Buses,,2,2,True
MASTER-0257,GROUP-0257,project_register::PRJ-0062,project_register,PRJ-0062,Newcastle Link Road/Minmi Road intersection upgrade,newcastle link road minmi road intersection upgrade,,,In Planning,https://www.transport.nsw.gov.au/,1,2,True
MASTER-0257,GROUP-0257,project_timeline::TFNSW-0011,project_timeline,TFNSW-0011,Newcastle Link Road/Minmi Road intersection upgrade,newcastle link road minmi road intersection upgrade,,,Hunter roads,,5,2,True
MASTER-0258,GROUP-0258,project_register::PRJ-0063,project_register,PRJ-0063,"Newell Highway, Tichborne grade separation for Inland Rail",newell highway tichborne grade separation for inland rail,,,In Planning,https://www.transport.nsw.gov.au/projects/current-projects/tichborne-grade-separation,1,2,True
MASTER-0258,GROUP-0258,project_timeline::TFNSW-0029,project_timeline,TFNSW-0029,"Newell Highway, Tichborne grade separation for Inland Rail",newell highway tichborne grade separation for inland rail,,,Regional NSW major road and bridge upgrades,,1,2,True
MASTER-0259,GROUP-0259,project_register::PRJ-0064,project_register,PRJ-0064,"Newell Highway, improve flood mitigation between West Wyalong and Forbes",newell highway improve flood mitigation between west wyalong and forbes,,,In Planning,https://roads-waterways.transport.nsw.gov.au/projects/newell-highway/west-wyalong-flood-immunity.html,1,1,False
MASTER-0260,GROUP-0260,project_register::PRJ-0065,project_register,PRJ-0065,Nowra Bypass,nowra bypass,,,In Planning,https://www.transport.nsw.gov.au/projects/current-projects/nowra-bypass-and-transport-improvements,1,2,True
MASTER-0260,GROUP-0260,project_timeline::TFNSW-0025,project_timeline,TFNSW-0025,Nowra Bypass,nowra bypass,,,Princes Highway,,1,2,True
MASTER-0261,GROUP-0261,project_register::PRJ-0066,project_register,PRJ-0066,"Olympic Highway, Harris Gates grade separation for Inland Rail",olympic highway harris gates grade separation for inland rail,,,In Planning,https://www.transport.nsw.gov.au/projects/current-projects/harris-gates-grade-separation,1,2,True
MASTER-0261,GROUP-0261,project_timeline::TFNSW-0031,project_timeline,TFNSW-0031,"Olympic Highway, Harris Gates grade separation for Inland Rail",olympic highway harris gates grade separation for inland rail,,,Regional NSW major road and bridge upgrades,,1,2,True
MASTER-0262,GROUP-0262,project_register::PRJ-0067,project_register,PRJ-0067,Oxford Street Revitalisation (previously Oxford Street East Cycleway),oxford street revitalisation previously oxford street east cycleway,,,Pipeline,https://www.transport.nsw.gov.au/projects/current-projects/oxford-street-east-cycleway,1,2,True
MASTER-0262,GROUP-0262,project_timeline::TFNSW-0104,project_timeline,TFNSW-0104,Oxford Street Revitalisation (previously Oxford Street East Cycleway),oxford street revitalisation previously oxford street east cycleway,,,Eastern Harbour City,,3,2,True
MASTER-0263,GROUP-0263,project_register::PRJ-0068,project_register,PRJ-0068,"Pacific Highway, Harrington Road / Coopernook Road interchange",pacific highway harrington road coopernook road interchange,,,Pipeline,https://www.transport.nsw.gov.au/projects/current-projects/pacific-highway-harrington-road-interchange,1,2,True
MASTER-0263,GROUP-0263,project_timeline::TFNSW-0032,project_timeline,TFNSW-0032,"Pacific Highway, Harrington Road / Coopernook Road interchange",pacific highway harrington road coopernook road interchange,,,Regional NSW major road and bridge upgrades,,2,2,True
MASTER-0264,GROUP-0264,project_register::PRJ-0069,project_register,PRJ-0069,"Pacific Highway, Raymond Terrace to Karuah intersection improvements",pacific highway raymond terrace to karuah intersection improvements,,,In Planning,https://www.transport.nsw.gov.au/,1,2,True
MASTER-0264,GROUP-0264,project_timeline::TFNSW-0033,project_timeline,TFNSW-0033,"Pacific Highway, Raymond Terrace to Karuah intersection improvements",pacific highway raymond terrace to karuah intersection improvements,,,Regional NSW major road and bridge upgrades,,1,2,True
MASTER-0265,GROUP-0265,project_register::PRJ-0070,project_register,PRJ-0070,"Pacific Highway, Wyong Town Centre",pacific highway wyong town centre,,,Pipeline,https://roads-waterways.transport.nsw.gov.au/projects/pacific-highway/wyong-town-centre-upgrade/index.html,1,2,True
MASTER-0265,GROUP-0265,project_timeline::TFNSW-0005,project_timeline,TFNSW-0005,"Pacific Highway, Wyong Town Centre",pacific highway wyong town centre,,,Central Coast roads,,3,2,True
MASTER-0266,GROUP-0266,project_register::PRJ-0071,project_register,PRJ-0071,Parramatta Light Rail Stage 2 Main Works,parramatta light rail stage 2 main works,,,Pipeline,https://www.nsw.gov.au/driving-boating-and-transport/projects/parramatta-light-rail/stage-2,1,2,True
MASTER-0266,GROUP-0266,project_timeline::TFNSW-0051,project_timeline,TFNSW-0051,Parramatta Light Rail Stage 2 Main Works,parramatta light rail stage 2 main works,,,Light Rail,,2,2,True
MASTER-0267,GROUP-0267,project_register::PRJ-0072,project_register,PRJ-0072,Picton Bypass,picton bypass,,,In Planning,https://www.transport.nsw.gov.au/projects/current-projects/picton-bypass,1,2,True
MASTER-0267,GROUP-0267,project_timeline::TFNSW-0034,project_timeline,TFNSW-0034,Picton Bypass,picton bypass,,,Regional NSW major road and bridge upgrades,,2,2,True
MASTER-0268,GROUP-0268,project_register::PRJ-0073,project_register,PRJ-0073,Regional Corridors Upgrade Program – Euston to Tocumwal,regional corridors upgrade program euston to tocumwal,,,In Planning,https://www.transport.nsw.gov.au/,1,2,True
MASTER-0268,GROUP-0268,project_timeline::TFNSW-0035,project_timeline,TFNSW-0035,Regional Corridors Upgrade Program – Euston to Tocumwal,regional corridors upgrade program euston to tocumwal,,,Regional NSW major road and bridge upgrades,,1,2,True
MASTER-0269,GROUP-0269,project_register::PRJ-0074,project_register,PRJ-0074,Regional Corridors Upgrade Program – Muswellbrook to Armidale,regional corridors upgrade program muswellbrook to armidale,,,In Planning,https://www.transport.nsw.gov.au/,1,2,True
MASTER-0269,GROUP-0269,project_timeline::TFNSW-0036,project_timeline,TFNSW-0036,Regional Corridors Upgrade Program – Muswellbrook to Armidale,regional corridors upgrade program muswellbrook to armidale,,,Regional NSW major road and bridge upgrades,,1,2,True
MASTER-0270,GROUP-0270,project_register::PRJ-0075,project_register,PRJ-0075,Regional Corridors Upgrade Program – Newcastle to Dubbo,regional corridors upgrade program newcastle to dubbo,,,In Planning,https://www.transport.nsw.gov.au/,1,2,True
MASTER-0270,GROUP-0270,project_timeline::TFNSW-0037,project_timeline,TFNSW-0037,Regional Corridors Upgrade Program – Newcastle to Dubbo,regional corridors upgrade program newcastle to dubbo,,,Regional NSW major road and bridge upgrades,,1,2,True
MASTER-0271,GROUP-0271,project_register::PRJ-0076,project_register,PRJ-0076,Regional Overnight Sleeper Services,regional overnight sleeper services,,,In Planning,https://www.transport.nsw.gov.au/,1,2,True
MASTER-0271,GROUP-0271,project_timeline::TFNSW-0103,project_timeline,TFNSW-0103,Regional Overnight Sleeper Services,regional overnight sleeper services,,,Rail,,2,2,True
MASTER-0272,GROUP-0272,project_register::PRJ-0077,project_register,PRJ-0077,Richmond Road Corridor upgrade,richmond road corridor upgrade,,,In Planning,https://www.transport.nsw.gov.au/projects/current-projects/north-west-growth-area,1,2,True
MASTER-0272,GROUP-0272,project_timeline::TFNSW-0093,project_timeline,TFNSW-0093,Richmond Road Corridor Upgrade,richmond road corridor upgrade,,,Western Parkland City,,1,2,True
MASTER-0273,GROUP-0273,project_register::PRJ-0078,project_register,PRJ-0078,Safe Accessible Transport,safe accessible transport,,,Pipeline,https://www.transport.nsw.gov.au/projects/programs/safe-accessible-transport-program,1,2,True
MASTER-0273,GROUP-0273,project_timeline::TFNSW-0041,project_timeline,TFNSW-0041,Safe Accessible Transport,safe accessible transport,,,Accessibility,,1,2,True
MASTER-0274,GROUP-0274,project_register::PRJ-0079,project_register,PRJ-0079,"Sheahan Bridge Upgrade Northbound, Gundagai",sheahan bridge upgrade northbound gundagai,,,In Planning,https://www.transport.nsw.gov.au/projects/current-projects/sheahan-bridge-upgrade,1,2,True
MASTER-0274,GROUP-0274,project_timeline::TFNSW-0038,project_timeline,TFNSW-0038,"Sheahan Bridge Upgrade Northbound, Gundagai",sheahan bridge upgrade northbound gundagai,,,Regional NSW major road and bridge upgrades,,2,2,True
MASTER-0275,GROUP-0275,project_register::PRJ-0080,project_register,PRJ-0080,Shellharbour Hospital access,shellharbour hospital access,,,In Planning,https://www.transport.nsw.gov.au/,1,2,True
MASTER-0275,GROUP-0275,project_timeline::TFNSW-0039,project_timeline,TFNSW-0039,Shellharbour Hospital access,shellharbour hospital access,,,Regional NSW major road and bridge upgrades,,1,2,True
MASTER-0276,GROUP-0276,project_register::PRJ-0081,project_register,PRJ-0081,South West Sydney Rail Extensions Final Business Case,south west sydney rail extensions final business case,,,In Planning,https://www.transport.nsw.gov.au/,1,2,True
MASTER-0276,GROUP-0276,project_timeline::TFNSW-0052,project_timeline,TFNSW-0052,South West Sydney Rail Extensions Final Business Case,south west sydney rail extensions final business case,,,Rail,,2,2,True
MASTER-0277,GROUP-0277,project_register::PRJ-0082,project_register,PRJ-0082,Spring Farm Parkway Stage 2,spring farm parkway stage 2,,,In Planning,https://www.transport.nsw.gov.au/projects/current-projects/spring-farm-parkway-menangle-stage-2,1,2,True
MASTER-0277,GROUP-0277,project_timeline::TFNSW-0066,project_timeline,TFNSW-0066,Spring Farm Parkway Stage 2,spring farm parkway stage 2,,,Central River City,,2,2,True
MASTER-0278,GROUP-0278,project_register::PRJ-0083,project_register,PRJ-0083,Stacey Street upgrade,stacey street upgrade,,,In Planning,https://www.transport.nsw.gov.au/projects/current-projects/stacey-st-and-hume-highway-bankstown-upgrade,1,2,True
MASTER-0278,GROUP-0278,project_timeline::TFNSW-0067,project_timeline,TFNSW-0067,Stacey Street Upgrade,stacey street upgrade,,,Central River City,,1,2,True
MASTER-0279,GROUP-0279,project_register::PRJ-0084,project_register,PRJ-0084,Sydney Metro - Western Sydney Airport - Northern Extension Final Business Case,sydney metro western sydney airport northern extension final business case,,,In Planning,https://www.sydneymetro.info/planning-future-extensions,1,2,True
MASTER-0279,GROUP-0279,project_timeline::TFNSW-0055,project_timeline,TFNSW-0055,Sydney Metro - Western Sydney Airport - Northern Extension Final Business Case,sydney metro western sydney airport northern extension final business case,,,Sydney Metro,,1,2,True
MASTER-0280,GROUP-0280,project_register::PRJ-0085,project_register,PRJ-0085,Sydney Metro West - Parramatta Integrated Station,sydney metro west parramatta integrated station,,,Pipeline,https://www.sydneymetro.info/station/parramatta-metro-station,1,2,True
MASTER-0280,GROUP-0280,project_timeline::TFNSW-0056,project_timeline,TFNSW-0056,Sydney Metro West - Parramatta Integrated Station,sydney metro west parramatta integrated station,,,Sydney Metro West,,1,2,True
MASTER-0281,GROUP-0281,project_register::PRJ-0086,project_register,PRJ-0086,Sydney Metro West - Pyrmont Integrated Station,sydney metro west pyrmont integrated station,,,Pipeline,https://www.sydneymetro.info/station/pyrmont-station,1,2,True
MASTER-0281,GROUP-0281,project_timeline::TFNSW-0057,project_timeline,TFNSW-0057,Sydney Metro West - Pyrmont Integrated Station,sydney metro west pyrmont integrated station,,,Sydney Metro West,,2,2,True
MASTER-0282,GROUP-0282,project_register::PRJ-0087,project_register,PRJ-0087,Sydney Metro West - Sydney Olympic Park Integrated Station,sydney metro west sydney olympic park integrated station,,,Pipeline,https://www.sydneymetro.info/station/sydney-olympic-park-metro-station,1,2,True
MASTER-0282,GROUP-0282,project_timeline::TFNSW-0058,project_timeline,TFNSW-0058,Sydney Metro West - Sydney Olympic Park Integrated Station,sydney metro west sydney olympic park integrated station,,,Sydney Metro West,,2,2,True
MASTER-0283,GROUP-0283,project_register::PRJ-0088,project_register,PRJ-0088,Sydney to Canberra Rail Corridor Upgrade,sydney to canberra rail corridor upgrade,,,In Planning,https://www.transport.nsw.gov.au/,1,2,True
MASTER-0283,GROUP-0283,project_timeline::TFNSW-0053,project_timeline,TFNSW-0053,Sydney to Canberra Rail Corridor Upgrade,sydney to canberra rail corridor upgrade,,,Rail,,1,2,True
MASTER-0284,GROUP-0284,project_register::PRJ-0089,project_register,PRJ-0089,Terrigal Drive Upgrade,terrigal drive upgrade,,,In Planning,https://www.transport.nsw.gov.au/,1,2,True
MASTER-0284,GROUP-0284,project_timeline::TFNSW-0006,project_timeline,TFNSW-0006,Terrigal Drive Upgrade,terrigal drive upgrade,,,Central Coast roads,,2,2,True
MASTER-0285,GROUP-0285,project_register::PRJ-0090,project_register,PRJ-0090,"The Horsley Drive, M7 Motorway to Cowpasture Road",the horsley drive m7 motorway to cowpasture road,,,Pipeline,https://roads-waterways.transport.nsw.gov.au/projects/the-horsley-drive-upgrade/index.html,1,2,True
MASTER-0285,GROUP-0285,project_timeline::TFNSW-0095,project_timeline,TFNSW-0095,"The Horsley Drive, M7 Motorway to Cowpasture Road",the horsley drive m7 motorway to cowpasture road,,,Western Parkland City,,2,2,True
MASTER-0286,GROUP-0286,project_register::PRJ-0091,project_register,PRJ-0091,"The Northern Road Upgrade, Borrowdale Way to Londonderry Road",the northern road upgrade borrowdale way to londonderry road,,,In Planning,https://www.transport.nsw.gov.au/projects/current-projects/northern-road-upgrade-between-borrowdale-way-jordan-springs-to,1,2,True
MASTER-0286,GROUP-0286,project_timeline::TFNSW-0096,project_timeline,TFNSW-0096,"The Northern Road Upgrade, Borrowdale Way to Londonderry Road",the northern road upgrade borrowdale way to londonderry road,,,Western Parkland City,,1,2,True
MASTER-0287,GROUP-0287,project_register::PRJ-0092,project_register,PRJ-0092,Thornton bridge duplication,thornton bridge duplication,,,In Planning,https://www.transport.nsw.gov.au/,1,2,True
MASTER-0287,GROUP-0287,project_timeline::TFNSW-0012,project_timeline,TFNSW-0012,Thornton bridge duplication,thornton bridge duplication,,,Hunter roads,,1,2,True
MASTER-0288,GROUP-0288,project_register::PRJ-0093,project_register,PRJ-0093,Wagga Wagga Freight Bypass,wagga wagga freight bypass,,,In Planning,https://www.transport.nsw.gov.au/,1,2,True
MASTER-0288,GROUP-0288,project_timeline::TFNSW-0040,project_timeline,TFNSW-0040,Wagga Wagga Freight Bypass,wagga wagga freight bypass,,,Regional NSW major road and bridge upgrades,,1,2,True
MASTER-0289,GROUP-0289,project_register::PRJ-0094,project_register,PRJ-0094,Werrington Arterial Stage 2,werrington arterial stage 2,,,In Planning,https://www.transport.nsw.gov.au/news-and-events/media-releases/3-million-to-start-planning-werrington-arterial-stage-2,1,2,True
MASTER-0289,GROUP-0289,project_timeline::TFNSW-0097,project_timeline,TFNSW-0097,Werrington Arterial Stage 2,werrington arterial stage 2,,,Western Parkland City,,1,2,True
MASTER-0290,GROUP-0290,project_register::PRJ-0095,project_register,PRJ-0095,Western Sydney Freight Line and Intermodal Terminal  - Stage 1 Full Business Case,western sydney freight line and intermodal terminal stage 1 full business case,,,In Planning,https://www.transport.nsw.gov.au/corridors/wsfl,1,2,True
MASTER-0290,GROUP-0290,project_timeline::TFNSW-0054,project_timeline,TFNSW-0054,Western Sydney Freight Line and Intermodal Terminal - Stage 1 Full Business Case,western sydney freight line and intermodal terminal stage 1 full business case,,,Rail,,2,2,True
MASTER-0291,GROUP-0291,project_register::PRJ-0096,project_register,PRJ-0096,Western Sydney Heavy Vehicle Rest Area,western sydney heavy vehicle rest area,,,Pipeline,https://www.transport.nsw.gov.au/operations/freight-hub/heavy-vehicle-rest-stopping-improvements,1,2,True
MASTER-0291,GROUP-0291,project_timeline::TFNSW-0098,project_timeline,TFNSW-0098,Western Sydney Heavy Vehicle Rest Area,western sydney heavy vehicle rest area,,,Western Parkland City,,3,2,True
MASTER-0292,GROUP-0292,project_register::PRJ-0097,project_register,PRJ-0097,Windsor Road Upgrade at Rouse Hill,windsor road upgrade at rouse hill,,,Pipeline,https://www.transport.nsw.gov.au/,1,2,True
MASTER-0292,GROUP-0292,project_timeline::TFNSW-0100,project_timeline,TFNSW-0100,Windsor Road Upgrade at Rouse Hill,windsor road upgrade at rouse hill,,,Western Parkland City,,3,2,True
MASTER-0293,GROUP-0293,project_register::PRJ-0098,project_register,PRJ-0098,Woollahra Station Activation,woollahra station activation,,,In Planning,https://www.transport.nsw.gov.au/projects/current-projects/woollahra-station-activation,1,2,True
MASTER-0293,GROUP-0293,project_timeline::TFNSW-0042,project_timeline,TFNSW-0042,Woollahra Station Activation,woollahra station activation,,,Accessibility,,1,2,True
MASTER-0294,GROUP-0294,project_timeline::TFNSW-0016,project_timeline,TFNSW-0016,Rocky Cut realignment,rocky cut realignment,,,New England Highway,,1,1,False
MASTER-0295,GROUP-0295,project_timeline::TFNSW-0028,project_timeline,TFNSW-0028,"Murray River, Swan Hill bridge replacement",murray river swan hill bridge replacement,,,Regional NSW major road and bridge upgrades,,2,1,False
MASTER-0296,GROUP-0296,project_timeline::TFNSW-0030,project_timeline,TFNSW-0030,"Newell Highway, improve flood mitigation between West Wyalong and Forbes - July November",newell highway improve flood mitigation between west wyalong and forbes july november,,,Regional NSW major road and bridge upgrades,,4,1,False
MASTER-0297,GROUP-0297,project_timeline::TFNSW-0048,project_timeline,TFNSW-0048,New Electric Bus Program Tranche 1,new electric bus program tranche 1,,,Buses,,1,1,False
MASTER-0298,GROUP-0298,project_timeline::TFNSW-0050,project_timeline,TFNSW-0050,Sydney Fish Markets Ferry Wharf,sydney fish markets ferry wharf,,,Eastern Harbour City,,2,1,False
MASTER-0299,GROUP-0299,project_timeline::TFNSW-0073,project_timeline,TFNSW-0073,Appin Road and St Johns Road Intersection Upgrade,appin road and st johns road intersection upgrade,,,Western Parkland City,,2,1,False
MASTER-0300,GROUP-0300,project_timeline::TFNSW-0075,project_timeline,TFNSW-0075,Bradfield Metro Link Road - Badgerys Creek Road to Proposed Eastern Ring Road,bradfield metro link road badgerys creek road to proposed eastern ring road,,,Western Parkland City,,1,1,False
MASTER-0301,GROUP-0301,project_timeline::TFNSW-0094,project_timeline,TFNSW-0094,"The Horsley Dr/Polding St, Fairfield",the horsley dr polding st fairfield,,,Western Parkland City,,2,1,False
MASTER-0302,GROUP-0302,project_timeline::TFNSW-0105,project_timeline,TFNSW-0105,Dobroyd Parade Pedestrian Bridge,dobroyd parade pedestrian bridge,,,Minor Projects,,2,1,False
MASTER-0303,GROUP-0303,project_timeline::TFNSW-0106,project_timeline,TFNSW-0106,Flushcombe Rd / Bungarribee Rd Intersection Upgrade and Francis Street Upgrade,flushcombe rd bungarribee rd intersection upgrade and francis street upgrade,,,Minor Projects,,1,1,False
MASTER-0304,GROUP-0304,project_timeline::TFNSW-0107,project_timeline,TFNSW-0107,Francis Road Railway Overpass Widening at Rooty Hill,francis road railway overpass widening at rooty hill,,,Minor Projects,,1,1,False
MASTER-0305,GROUP-0305,project_timeline::TFNSW-0108,project_timeline,TFNSW-0108,Greater Sydney Cycling and Micromobility Investment Program,greater sydney cycling and micromobility investment program,,,Minor Projects,,1,1,False
MASTER-0306,GROUP-0306,project_timeline::TFNSW-0109,project_timeline,TFNSW-0109,Hurstville Pedestrian Bridge,hurstville pedestrian bridge,,,Minor Projects,,3,1,False
MASTER-0307,GROUP-0307,project_timeline::TFNSW-0110,project_timeline,TFNSW-0110,Kosciuszko Rd and Alpine Way (Intersection Upgrade),kosciuszko rd and alpine way intersection upgrade,,,Minor Projects,,1,1,False
MASTER-0308,GROUP-0308,project_timeline::TFNSW-0111,project_timeline,TFNSW-0111,M4 Improvement Works - Coleman to Church,m4 improvement works coleman to church,,,Minor Projects,,2,1,False
MASTER-0309,GROUP-0309,project_timeline::TFNSW-0112,project_timeline,TFNSW-0112,"McEvoy Street and Botany Road, Waterloo Intersection Improvements",mcevoy street and botany road waterloo intersection improvements,,,Minor Projects,,3,1,False
MASTER-0310,GROUP-0310,project_timeline::TFNSW-0113,project_timeline,TFNSW-0113,North Sydney Active Transport,north sydney active transport,,,Minor Projects,,8,1,False
MASTER-0311,GROUP-0311,project_timeline::TFNSW-0114,project_timeline,TFNSW-0114,Parramatta to Sydney Foreshore link,parramatta to sydney foreshore link,,,Minor Projects,,1,1,False
MASTER-0312,GROUP-0312,project_timeline::TFNSW-0115,project_timeline,TFNSW-0115,Princes Hwy/Waratah St Intrs-Kirrawee,princes hwy waratah st intrs kirrawee,,,Minor Projects,,2,1,False
MASTER-0313,GROUP-0313,project_timeline::TFNSW-0116,project_timeline,TFNSW-0116,Safety Barrier Program,safety barrier program,,,Minor Projects,,1,1,False
MASTER-0314,GROUP-0314,project_timeline::TFNSW-0117,project_timeline,TFNSW-0117,Shellharbour Hospital Shared User Path,shellharbour hospital shared user path,,,Minor Projects,,1,1,False
MASTER-0315,GROUP-0315,project_timeline::TFNSW-0118,project_timeline,TFNSW-0118,Strategic Cycleway Corridors,strategic cycleway corridors,,,Minor Projects,,1,1,False
MASTER-0316,GROUP-0316,project_timeline::TFNSW-0119,project_timeline,TFNSW-0119,Sutherland to Cronulla Active Transport Link (Stage 2B West),sutherland to cronulla active transport link stage 2b west,,,Minor Projects,,5,1,False
MASTER-0317,GROUP-0317,project_timeline::TFNSW-0120,project_timeline,TFNSW-0120,Sutherland to Cronulla Active Transport Link (Stage 3),sutherland to cronulla active transport link stage 3,,,Minor Projects,,5,1,False
MASTER-0318,GROUP-0318,project_timeline::TFNSW-0121,project_timeline,TFNSW-0121,Sydney Park Junction,sydney park junction,,,Minor Projects,,2,1,False
MASTER-0319,GROUP-0319,project_timeline::TFNSW-0122,project_timeline,TFNSW-0122,Thurgoona Drive Intersection Upgrade,thurgoona drive intersection upgrade,,,Minor Projects,,1,1,False
MASTER-0320,GROUP-0320,project_timeline::TFNSW-0123,project_timeline,TFNSW-0123,"WSRB, Package 4; Bradfield Layover",wsrb package 4 bradfield layover,,,Minor Projects,,1,1,False
