timeline_id,tfnsw_project_id,project_name,project_group,estimated_value_code,delivery_type,stage_name,timing_status,start_quarter,end_quarter,start_quarter_index,end_quarter_index,fill_color_hex,source_page,source_shape_type,source_x0,source_x1
TLS-0001,TFNSW-0001,Bells Line of Road Safety Improvements,Bells Line of Road,$$,TBA,Project staging not yet available,Not available,Q3 2026,Q1 2029,0,10,#C3AAD2,1,curve,162.9629236098779,445.73659013164126
TLS-0002,TFNSW-0002,Castlereagh Connection,Bells Line of Road,$$$$$$,TBA,Project staging not yet available,Not available,Q3 2026,Q4 2028,0,9,#C3AAD2,1,curve,162.9629236098779,419.8452849384458
TLS-0003,TFNSW-0003,"Avoca Drive Upgrade, Kincumber",Central Coast roads,$$$,TBA,Concept design and/or environmental assessment,Confirmed,Q3 2026,Q3 2026,0,0,#20A8E1,2,curve,163.21675993530138,186.56970187426208
TLS-0004,TFNSW-0003,"Avoca Drive Upgrade, Kincumber",Central Coast roads,$$$,TBA,Detailed or reference design,To be confirmed,Q4 2026,Q2 2027,1,3,#D0DDAD,2,curve,189.1080620564971,264.24361438184894
TLS-0005,TFNSW-0003,"Avoca Drive Upgrade, Kincumber",Central Coast roads,$$$,TBA,Construction procurement,To be confirmed,Q3 2027,Q4 2027,4,5,#F3AEA3,2,curve,266.7819708200841,316.02621795224036
TLS-0006,TFNSW-0003,"Avoca Drive Upgrade, Kincumber",Central Coast roads,$$$,TBA,Construction and commissioning,To be confirmed,Q1 2028,Q1 2030,6,14,#9C9DC5,2,curve,317.8030835582043,548.7941396935765
TLS-0007,TFNSW-0004,"Manns Road Upgrade, Stockyard Place to Narara Creek Road Priority Intersection Upgrades",Central Coast roads,$$,CO,Project staging not yet available,Not available,Q3 2026,Q1 2029,0,10,#C3AAD2,2,curve,162.9629236098779,445.73659013164126
TLS-0008,TFNSW-0005,"Pacific Highway, Wyong Town Centre",Central Coast roads,$$$$,CD&C,Construction procurement,Confirmed,Q3 2026,Q1 2027,0,2,#DD0030,2,curve,162.4552516310309,238.0984766072297
TLS-0009,TFNSW-0005,"Pacific Highway, Wyong Town Centre",Central Coast roads,$$$$,CD&C,Detailed or reference design,Confirmed,Q2 2027,Q3 2027,3,4,#7BAE27,2,curve,240.8906662988885,290.13491343104477
TLS-0010,TFNSW-0005,"Pacific Highway, Wyong Town Centre",Central Coast roads,$$$$,CD&C,Construction and commissioning,Confirmed,Q4 2027,Q2 2030,5,15,#173077,2,curve,291.9117646370093,574.6854311587726
TLS-0011,TFNSW-0006,Terrigal Drive Upgrade,Central Coast roads,$$,TBA,Concept design and/or environmental assessment,Confirmed,Q3 2026,Q2 2028,0,7,#20A8E1,2,curve,163.21675993530138,367.8088382266311
TLS-0012,TFNSW-0006,Terrigal Drive Upgrade,Central Coast roads,$$,TBA,Project staging not yet available,Not available,Q3 2028,Q2 2030,8,15,#C3AAD2,2,curve,370.0933741794421,575.1931251216188
TLS-0013,TFNSW-0007,Gosford Bypass,Hunter roads,TBA,TBA,Project staging not yet available,Not available,Q3 2026,Q2 2030,0,15,#C3AAD2,2,curve,162.9629236098779,575.1931160976192
TLS-0014,TFNSW-0008,"John Renshaw Drive upgrade, Black Hill",Hunter roads,$$$$,TBA,Concept design and/or environmental assessment,Confirmed,Q3 2026,Q2 2028,0,7,#20A8E1,2,curve,163.21675993530138,367.8088382266311
TLS-0015,TFNSW-0008,"John Renshaw Drive upgrade, Black Hill",Hunter roads,$$$$,TBA,Project staging not yet available,Not available,Q3 2028,Q3 2029,8,12,#C3AAD2,2,curve,370.0933741794421,497.51920954203206
TLS-0016,TFNSW-0008,"John Renshaw Drive upgrade, Black Hill",Hunter roads,$$$$,TBA,Construction procurement,To be confirmed,Q4 2029,Q2 2030,13,15,#F3AEA3,2,curve,499.8037355108435,574.9392878361954
TLS-0017,TFNSW-0009,"Mandalong Road upgrade, Morisset",Hunter roads,$$,CO,Detailed or reference design,Confirmed,Q3 2026,Q4 2026,0,1,#7BAE27,2,curve,163.21675993530138,212.46100706745767
TLS-0018,TFNSW-0009,"Mandalong Road upgrade, Morisset",Hunter roads,$$,CO,Construction procurement,To be confirmed,Q1 2027,Q2 2027,2,3,#F3AEA3,2,curve,214.99936417769277,264.24361130984903
TLS-0019,TFNSW-0009,"Mandalong Road upgrade, Morisset",Hunter roads,$$,CO,Construction and commissioning,To be confirmed,Q3 2027,Q1 2030,4,14,#9C9DC5,2,curve,266.020476915813,548.7941434375764
TLS-0020,TFNSW-0010,Nelson Bay Road Improvements,Hunter roads,$$$$,D&C,Concept design and/or environmental assessment,Confirmed,Q3 2026,Q1 2028,0,6,#20A8E1,2,curve,163.21675993530138,341.9175330334355
TLS-0021,TFNSW-0010,Nelson Bay Road Improvements,Hunter roads,$$$$,D&C,Construction procurement,To be confirmed,Q2 2028,Q4 2028,7,9,#F3AEA3,2,curve,344.45589158367056,419.5914439090224
TLS-0022,TFNSW-0010,Nelson Bay Road Improvements,Hunter roads,$$$$,D&C,Construction and commissioning,To be confirmed,Q1 2029,Q2 2030,10,15,#9C9DC5,2,curve,421.368294442987,574.6854349987725
TLS-0023,TFNSW-0011,Newcastle Link Road/Minmi Road intersection upgrade,Hunter roads,$$$,TBA,Concept design and/or environmental assessment,Confirmed,Q3 2026,Q3 2027,0,4,#20A8E1,2,curve,163.21675993530138,290.1349226470444
TLS-0024,TFNSW-0011,Newcastle Link Road/Minmi Road intersection upgrade,Hunter roads,$$$,TBA,Detailed or reference design procurement,To be confirmed,Q4 2027,Q4 2027,5,5,#FACEA4,2,curve,292.6732873412792,316.02622928023993
TLS-0025,TFNSW-0011,Newcastle Link Road/Minmi Road intersection upgrade,Hunter roads,$$$,TBA,Detailed or reference design,To be confirmed,Q1 2028,Q4 2028,6,9,#D0DDAD,2,curve,318.56457506247546,419.5914325810229
TLS-0026,TFNSW-0011,Newcastle Link Road/Minmi Road intersection upgrade,Hunter roads,$$$,TBA,Construction procurement,To be confirmed,Q1 2029,Q1 2030,10,14,#F3AEA3,2,curve,422.1298267472565,549.0479894589995
TLS-0027,TFNSW-0011,Newcastle Link Road/Minmi Road intersection upgrade,Hunter roads,$$$,TBA,Construction and commissioning,To be confirmed,Q2 2030,Q2 2030,15,15,#9C9DC5,2,curve,550.8248170489651,574.6854316387728
TLS-0028,TFNSW-0012,Thornton bridge duplication,Hunter roads,$$,TBA,Project staging not yet available,Not available,Q3 2026,Q4 2028,0,9,#C3AAD2,2,curve,162.9629236098779,419.8452849384458
TLS-0029,TFNSW-0013,"Goonoo Goonoo Road widening, Tamworth",New England Highway,$$,TBA,Detailed or reference design,Confirmed,Q3 2026,Q4 2026,0,1,#7BAE27,2,curve,163.21675993530138,212.46100706745767
TLS-0030,TFNSW-0013,"Goonoo Goonoo Road widening, Tamworth",New England Highway,$$,TBA,Construction procurement,To be confirmed,Q1 2027,Q3 2028,2,8,#F3AEA3,2,curve,214.99936417769277,393.70013727582693
TLS-0031,TFNSW-0013,"Goonoo Goonoo Road widening, Tamworth",New England Highway,$$,TBA,Construction and commissioning,To be confirmed,Q1 2029,Q2 2030,10,15,#9C9DC5,2,curve,421.368294442987,574.6854349987725
TLS-0032,TFNSW-0014,Maitland Westbound Overpass,New England Highway,TBA,TBA,Concept design and/or environmental assessment,Confirmed,Q3 2026,Q4 2027,0,5,#20A8E1,2,curve,163.21675993530138,316.0262278402399
TLS-0033,TFNSW-0014,Maitland Westbound Overpass,New England Highway,TBA,TBA,Project staging not yet available,Not available,Q1 2028,Q2 2030,6,15,#C3AAD2,2,curve,318.31073873705196,575.1931000656198
TLS-0034,TFNSW-0015,Muswellbrook Bypass,New England Highway,$$$$,D&C,Construction procurement,Confirmed,Q3 2026,Q2 2027,0,3,#DD0030,2,curve,162.4552516310309,263.9897818004253
TLS-0035,TFNSW-0015,Muswellbrook Bypass,New England Highway,$$$$,D&C,Detailed or reference design,Confirmed,Q3 2027,Q3 2027,4,4,#7BAE27,2,curve,266.7819708200841,290.1349127590448
TLS-0036,TFNSW-0015,Muswellbrook Bypass,New England Highway,$$$$,D&C,Construction and commissioning,Confirmed,Q4 2027,Q2 2030,5,15,#173077,2,curve,291.9117646370093,574.6854311587726
TLS-0037,TFNSW-0016,Rocky Cut realignment,New England Highway,$,TBA,Concept design and/or environmental assessment,Confirmed,Q3 2026,Q4 2026,0,1,#20A8E1,2,curve,163.21675993530138,212.46100706745767
TLS-0038,TFNSW-0017,Almond Street to M1 Princes Motorway,Picton Road Upgrade Program,TBA,TBA,Concept design and/or environmental assessment,Confirmed,Q3 2027,Q2 2029,4,11,#20A8E1,2,curve,266.7819708200841,471.3740491114138
TLS-0039,TFNSW-0018,Nepean River to Almond Street,Picton Road Upgrade Program,$$$$$,TBA,Project staging not yet available,Not available,Q3 2026,Q2 2030,0,15,#C3AAD2,2,curve,162.9629236098779,575.1931160976192
TLS-0040,TFNSW-0019,Bulli Bypass,Princes Highway,TBA,TBA,Project staging not yet available,Not available,Q3 2026,Q1 2029,0,10,#C3AAD2,3,curve,162.9629236098779,445.73659013164126
TLS-0041,TFNSW-0020,Dapto Ramps,Princes Highway,TBA,TBA,Project staging not yet available,Not available,Q3 2026,Q1 2029,0,10,#C3AAD2,3,curve,162.9629236098779,445.73659013164126
TLS-0042,TFNSW-0021,Jervis Bay Road to Hawken Road,Princes Highway,$$$$,D&C,Construction procurement,To be confirmed,Q3 2026,Q2 2027,0,3,#F3AEA3,3,curve,163.21675993530138,264.2436174538488
TLS-0043,TFNSW-0021,Jervis Bay Road to Hawken Road,Princes Highway,$$$$,D&C,Detailed or reference design,To be confirmed,Q3 2027,Q1 2028,4,6,#D0DDAD,3,curve,266.7819708200841,341.91752314543595
TLS-0044,TFNSW-0021,Jervis Bay Road to Hawken Road,Princes Highway,$$$$,D&C,Construction and commissioning,To be confirmed,Q2 2028,Q2 2030,7,15,#9C9DC5,3,curve,343.6943712794006,574.6854274147729
TLS-0045,TFNSW-0022,Milton/Ulladulla Bypass,Princes Highway,$$$$$,D&C,Concept design and/or environmental assessment,Confirmed,Q3 2026,Q3 2026,0,0,#20A8E1,3,curve,163.21675993530138,186.56970187426208
TLS-0046,TFNSW-0022,Milton/Ulladulla Bypass,Princes Highway,$$$$$,D&C,Construction procurement,To be confirmed,Q4 2026,Q4 2027,1,5,#F3AEA3,3,curve,189.1080620564971,316.02622476824007
TLS-0047,TFNSW-0022,Milton/Ulladulla Bypass,Princes Highway,$$$$$,D&C,Detailed or reference design,To be confirmed,Q1 2028,Q3 2028,6,8,#D0DDAD,3,curve,318.56457506247546,393.7001273878273
TLS-0048,TFNSW-0022,Milton/Ulladulla Bypass,Princes Highway,$$$$$,D&C,Construction and commissioning,To be confirmed,Q4 2028,Q2 2030,9,15,#9C9DC5,3,curve,395.4770331217896,574.6854788707707
TLS-0049,TFNSW-0023,Mount Ousley Safety and Reliability,Princes Highway,TBA,TBA,Project staging not yet available,Not available,Q3 2026,Q2 2030,0,15,#C3AAD2,3,curve,162.9629236098779,575.1931160976192
TLS-0050,TFNSW-0024,Narooma bridge,Princes Highway,TBA,TBA,Project staging not yet available,Not available,Q3 2026,Q1 2029,0,10,#C3AAD2,3,curve,162.9629236098779,445.73659013164126
TLS-0051,TFNSW-0025,Nowra Bypass,Princes Highway,TBA,TBA,Project staging not yet available,Not available,Q3 2026,Q1 2029,0,10,#C3AAD2,3,curve,162.9629236098779,445.73659013164126
TLS-0052,TFNSW-0026,Barton Highway Upgrade - Stage 2,Regional NSW major road and bridge upgrades,$$$,TBA,Concept design and/or environmental assessment,Confirmed,Q3 2026,Q3 2027,0,4,#20A8E1,3,curve,163.21675993530138,290.1349226470444
TLS-0053,TFNSW-0026,Barton Highway Upgrade - Stage 2,Regional NSW major road and bridge upgrades,$$$,TBA,Construction procurement,To be confirmed,Q4 2027,Q3 2029,5,12,#F3AEA3,3,curve,292.6732873412792,497.2653656326089
TLS-0054,TFNSW-0026,Barton Highway Upgrade - Stage 2,Regional NSW major road and bridge upgrades,$$$,TBA,Construction and commissioning,To be confirmed,Q4 2029,Q2 2030,13,15,#9C9DC5,3,curve,499.042251206572,574.6854761827708
TLS-0055,TFNSW-0027,M1 Pacific Motorway Upgrade between Wahroonga and Beresfield,Regional NSW major road and bridge upgrades,TBA,TBA,Project staging not yet available,Not available,Q3 2026,Q2 2030,0,15,#C3AAD2,3,curve,162.9629236098779,575.1931160976192
TLS-0056,TFNSW-0028,"Murray River, Swan Hill bridge replacement",Regional NSW major road and bridge upgrades,$$$,TBA,Concept design and/or environmental assessment,Confirmed,Q3 2026,Q3 2029,0,12,#20A8E1,3,curve,163.21675993530138,497.2653641926089
TLS-0057,TFNSW-0028,"Murray River, Swan Hill bridge replacement",Regional NSW major road and bridge upgrades,$$$,TBA,Project staging not yet available,Not available,Q4 2029,Q2 2030,13,15,#C3AAD2,3,curve,499.54989918542,575.1931241616188
TLS-0058,TFNSW-0029,"Newell Highway, Tichborne grade separation for Inland Rail",Regional NSW major road and bridge upgrades,TBA,TBA,Project staging not yet available,Not available,Q3 2026,Q1 2029,0,10,#C3AAD2,3,curve,162.9629236098779,445.73659013164126
TLS-0059,TFNSW-0030,"Newell Highway, improve flood mitigation between West Wyalong and Forbes - July November",Regional NSW major road and bridge upgrades,$$$,TBA,Concept design and/or environmental assessment,Confirmed,Q3 2026,Q2 2027,0,3,#20A8E1,3,curve,163.21675993530138,264.2436174538488
TLS-0060,TFNSW-0030,"Newell Highway, improve flood mitigation between West Wyalong and Forbes - July November",Regional NSW major road and bridge upgrades,$$$,TBA,Project staging not yet available,Not available,Q3 2027,Q1 2028,4,6,#C3AAD2,3,curve,266.5281344946606,342.17135947085944
TLS-0061,TFNSW-0030,"Newell Highway, improve flood mitigation between West Wyalong and Forbes - July November",Regional NSW major road and bridge upgrades,$$$,TBA,Construction procurement,To be confirmed,Q2 2028,Q4 2028,7,9,#F3AEA3,3,curve,344.45589158367056,419.5914439090224
TLS-0062,TFNSW-0030,"Newell Highway, improve flood mitigation between West Wyalong and Forbes - July November",Regional NSW major road and bridge upgrades,$$$,TBA,Construction and commissioning,To be confirmed,Q1 2029,Q2 2030,10,15,#9C9DC5,3,curve,421.368294442987,574.6854349987725
TLS-0063,TFNSW-0031,"Olympic Highway, Harris Gates grade separation for Inland Rail",Regional NSW major road and bridge upgrades,TBA,TBA,Project staging not yet available,Not available,Q3 2026,Q1 2029,0,10,#C3AAD2,3,curve,162.9629236098779,445.73659013164126
TLS-0064,TFNSW-0032,"Pacific Highway, Harrington Road / Coopernook Road interchange",Regional NSW major road and bridge upgrades,$$,CO,Construction procurement,Confirmed,Q3 2026,Q3 2027,0,4,#DD0030,3,curve,162.4552516310309,289.8810869936209
TLS-0065,TFNSW-0032,"Pacific Highway, Harrington Road / Coopernook Road interchange",Regional NSW major road and bridge upgrades,$$,CO,Construction and commissioning,Confirmed,Q4 2027,Q1 2029,5,10,#173077,3,curve,291.9117646370093,445.22890519279485
TLS-0066,TFNSW-0033,"Pacific Highway, Raymond Terrace to Karuah intersection improvements",Regional NSW major road and bridge upgrades,TBA,TBA,Project staging not yet available,Not available,Q3 2026,Q1 2029,0,10,#C3AAD2,3,curve,162.9629236098779,445.73659013164126
TLS-0067,TFNSW-0034,Picton Bypass,Regional NSW major road and bridge upgrades,$$$$$,TBA,Concept design and/or environmental assessment,Confirmed,Q3 2026,Q2 2027,0,3,#20A8E1,3,curve,163.21675993530138,264.2436174538488
TLS-0068,TFNSW-0034,Picton Bypass,Regional NSW major road and bridge upgrades,$$$$$,TBA,Project staging not yet available,Not available,Q3 2027,Q2 2030,4,15,#C3AAD2,3,curve,266.5281344946606,575.1931062096196
TLS-0069,TFNSW-0035,Regional Corridors Upgrade Program – Euston to Tocumwal,Regional NSW major road and bridge upgrades,$$$$,TBA,Project staging not yet available,Not available,Q3 2026,Q4 2028,0,9,#C3AAD2,3,curve,162.9629236098779,419.8452849384458
TLS-0070,TFNSW-0036,Regional Corridors Upgrade Program – Muswellbrook to Armidale,Regional NSW major road and bridge upgrades,TBA,TBA,Project staging not yet available,Not available,Q3 2026,Q1 2027,0,2,#C3AAD2,3,curve,162.9629236098779,238.6061485860767
TLS-0071,TFNSW-0037,Regional Corridors Upgrade Program – Newcastle to Dubbo,Regional NSW major road and bridge upgrades,$$$$,TBA,Project staging not yet available,Not available,Q3 2026,Q4 2027,0,5,#C3AAD2,3,curve,162.9629236098779,316.2800641656635
TLS-0072,TFNSW-0038,"Sheahan Bridge Upgrade Northbound, Gundagai",Regional NSW major road and bridge upgrades,TBA,TBA,Concept design and/or environmental assessment,Confirmed,Q3 2026,Q4 2027,0,5,#20A8E1,3,curve,163.21675993530138,316.0262278402399
TLS-0073,TFNSW-0038,"Sheahan Bridge Upgrade Northbound, Gundagai",Regional NSW major road and bridge upgrades,TBA,TBA,Project staging not yet available,Not available,Q1 2028,Q2 2030,6,15,#C3AAD2,3,curve,318.31073873705196,575.1931000656198
TLS-0074,TFNSW-0039,Shellharbour Hospital access,Regional NSW major road and bridge upgrades,TBA,TBA,Project staging not yet available,Not available,Q3 2026,Q1 2029,0,10,#C3AAD2,3,curve,162.9629236098779,445.73659013164126
TLS-0075,TFNSW-0040,Wagga Wagga Freight Bypass,Regional NSW major road and bridge upgrades,TBA,TBA,Project staging not yet available,Not available,Q3 2026,Q2 2029,0,11,#C3AAD2,3,curve,162.9629236098779,471.6278953248369
TLS-0076,TFNSW-0041,Safe Accessible Transport,Accessibility,$$$$$,Various,Rolling program,Confirmed,Q3 2026,Q1 2029,0,10,#33383D,4,curve,163.21675993530138,445.48275380621783
TLS-0077,TFNSW-0042,Woollahra Station Activation,Accessibility,$$$,TBA,Project staging not yet available,Not available,Q3 2026,Q2 2029,0,11,#C3AAD2,4,curve,162.9629236098779,471.6278953248369
TLS-0078,TFNSW-0043,Central Precinct Renewal Program - Main Works,Eastern Harbour City,$$$$$,TBA,Project staging not yet available,Not available,Q3 2026,Q1 2029,0,10,#C3AAD2,4,curve,162.9629236098779,445.73659013164126
TLS-0079,TFNSW-0044,Circular Quay Renewal,Eastern Harbour City,TBA,TBA,Project staging not yet available,Not available,Q3 2026,Q1 2029,0,10,#C3AAD2,4,curve,162.9629236098779,445.73659013164126
TLS-0080,TFNSW-0045,Bus Service Improvement Program,Buses,$$$$$$,TBA,Project staging not yet available,Not available,Q3 2026,Q3 2029,0,12,#C3AAD2,4,curve,162.9629236098779,497.5192005180325
TLS-0081,TFNSW-0046,Macquarie Park Precinct and Bus Interchange,Buses,$$$,CO,Construction procurement,To be confirmed,Q3 2026,Q4 2026,0,1,#F3AEA3,4,curve,163.21675993530138,212.46100706745767
TLS-0082,TFNSW-0046,Macquarie Park Precinct and Bus Interchange,Buses,$$$,CO,Construction and commissioning,To be confirmed,Q1 2027,Q4 2029,2,13,#9C9DC5,4,curve,214.2378414734229,522.9028131883819
TLS-0083,TFNSW-0047,New Bus Services for Western Sydney,Buses,$$$$,Various,Detailed or reference design,Confirmed,Q3 2026,Q4 2026,0,1,#7BAE27,4,curve,163.21675993530138,212.46100706745767
TLS-0084,TFNSW-0047,New Bus Services for Western Sydney,Buses,$$$$,Various,Construction procurement,Confirmed,Q1 2027,Q2 2027,2,3,#DD0030,4,curve,214.2378414734229,263.98976125642616
TLS-0085,TFNSW-0047,New Bus Services for Western Sydney,Buses,$$$$,Various,Construction and commissioning,Confirmed,Q3 2027,Q2 2028,4,7,#173077,4,curve,266.020476915813,367.5550070852074
TLS-0086,TFNSW-0048,New Electric Bus Program Tranche 1,Buses,$$$$$$,Various,Rolling program,Confirmed,Q3 2026,Q1 2029,0,10,#33383D,4,curve,163.21675993530138,445.48275380621783
TLS-0087,TFNSW-0049,New Electric Bus Program Tranche 2,Buses,$$$$$$,TBA,Concept design and/or environmental assessment,Confirmed,Q3 2026,Q3 2026,0,0,#20A8E1,4,curve,163.21675993530138,186.56970187426208
TLS-0088,TFNSW-0049,New Electric Bus Program Tranche 2,Buses,$$$$$$,TBA,Project staging not yet available,Not available,Q4 2026,Q1 2029,1,10,#C3AAD2,4,curve,188.8542257310736,445.7365870596414
TLS-0089,TFNSW-0050,Sydney Fish Markets Ferry Wharf,Eastern Harbour City,$,MC,Detailed or reference design,Confirmed,Q3 2026,Q3 2026,0,0,#7BAE27,4,curve,163.21675993530138,186.56970187426208
TLS-0090,TFNSW-0050,Sydney Fish Markets Ferry Wharf,Eastern Harbour City,$,MC,Construction and commissioning,To be confirmed,Q4 2026,Q2 2027,1,3,#9C9DC5,4,curve,188.34655375222655,263.9897787284254
TLS-0091,TFNSW-0051,Parramatta Light Rail Stage 2 Main Works,Light Rail,$$$$$$,D&C,Construction procurement,Confirmed,Q3 2026,Q4 2026,0,1,#DD0030,4,curve,162.4552516310309,212.20717141403415
TLS-0092,TFNSW-0051,Parramatta Light Rail Stage 2 Main Works,Light Rail,$$$$$$,D&C,Construction and commissioning,To be confirmed,Q1 2027,Q2 2030,2,15,#9C9DC5,4,curve,214.2378414734229,574.685423574773
TLS-0093,TFNSW-0052,South West Sydney Rail Extensions Final Business Case,Rail,$$$$$$,TBA,Concept design and/or environmental assessment,To be confirmed,Q3 2026,Q3 2027,0,4,#BFDCF5,5,curve,163.21675993530138,290.1349226470444
TLS-0094,TFNSW-0052,South West Sydney Rail Extensions Final Business Case,Rail,$$$$$$,TBA,Project staging not yet available,Not available,Q4 2027,Q2 2030,5,15,#C3AAD2,5,curve,292.4194510158557,575.1931175376192
TLS-0095,TFNSW-0053,Sydney to Canberra Rail Corridor Upgrade,Rail,TBA,TBA,Project staging not yet available,Not available,Q3 2026,Q2 2030,0,15,#C3AAD2,5,curve,162.9629236098779,575.1931160976192
TLS-0096,TFNSW-0054,Western Sydney Freight Line and Intermodal Terminal - Stage 1 Full Business Case,Rail,$$$$$$,TBA,Concept design and/or environmental assessment,To be confirmed,Q3 2026,Q4 2027,0,5,#BFDCF5,5,curve,163.21675993530138,316.0262278402399
TLS-0097,TFNSW-0054,Western Sydney Freight Line and Intermodal Terminal - Stage 1 Full Business Case,Rail,$$$$$$,TBA,Project staging not yet available,Not available,Q1 2028,Q1 2029,6,10,#C3AAD2,5,curve,318.31073873705196,445.7365740996419
TLS-0098,TFNSW-0055,Sydney Metro - Western Sydney Airport - Northern Extension Final Business Case,Sydney Metro,TBA,TBA,Project staging not yet available,Not available,Q3 2026,Q3 2029,0,12,#C3AAD2,5,curve,162.9629236098779,497.5192005180325
TLS-0099,TFNSW-0056,Sydney Metro West - Parramatta Integrated Station,Sydney Metro West,$$$$$,D&C,Construction and commissioning,Confirmed,Q1 2027,Q3 2029,2,12,#173077,5,curve,214.2378414734229,497.0115079951863
TLS-0100,TFNSW-0057,Sydney Metro West - Pyrmont Integrated Station,Sydney Metro West,$$$$$,D&C,Construction procurement,Confirmed,Q3 2026,Q4 2026,0,1,#DD0030,5,curve,162.4552516310309,212.20717141403415
TLS-0101,TFNSW-0057,Sydney Metro West - Pyrmont Integrated Station,Sydney Metro West,$$$$$,D&C,Construction and commissioning,Confirmed,Q2 2027,Q3 2029,3,12,#173077,5,curve,240.1291603946179,497.01152172318575
TLS-0102,TFNSW-0058,Sydney Metro West - Sydney Olympic Park Integrated Station,Sydney Metro West,$$$$$,D&C,Construction procurement,Confirmed,Q3 2026,Q3 2026,0,0,#DD0030,5,curve,162.4552516310309,186.3158662208386
TLS-0103,TFNSW-0058,Sydney Metro West - Sydney Olympic Park Integrated Station,Sydney Metro West,$$$$$,D&C,Construction and commissioning,Confirmed,Q2 2027,Q3 2029,3,12,#173077,5,curve,240.1291603946179,497.01152172318575
TLS-0104,TFNSW-0059,Appin Road Safety Improvements,Central River City,$$$,CO,Construction procurement,To be confirmed,Q3 2026,Q4 2026,0,1,#F3AEA3,5,curve,163.21675993530138,212.46100706745767
TLS-0105,TFNSW-0059,Appin Road Safety Improvements,Central River City,$$$,CO,Construction and commissioning,To be confirmed,Q1 2027,Q2 2029,2,11,#9C9DC5,5,curve,214.2378414734229,471.1202028019907
TLS-0106,TFNSW-0060,Appin Town Centre By- Pass,Central River City,$$$$,TBA,Concept design and/or environmental assessment,Confirmed,Q3 2026,Q4 2027,0,5,#20A8E1,5,curve,163.21675993530138,316.0262278402399
TLS-0107,TFNSW-0060,Appin Town Centre By- Pass,Central River City,$$$$,TBA,Project staging not yet available,Not available,Q1 2028,Q2 2030,6,15,#C3AAD2,5,curve,318.31073873705196,575.1931000656198
TLS-0108,TFNSW-0061,Australia Avenue intersection upgrade,Central River City,$$$,D&C,Construction procurement,Confirmed,Q3 2026,Q4 2026,0,1,#DD0030,5,curve,162.4552516310309,212.20717141403415
TLS-0109,TFNSW-0061,Australia Avenue intersection upgrade,Central River City,$$$,D&C,Construction and commissioning,Confirmed,Q1 2027,Q1 2029,2,10,#173077,5,curve,214.2378414734229,445.22889760879514
TLS-0110,TFNSW-0062,Henry Lawson Drive Stage 1B,Central River City,$$$,CO,Construction procurement,Confirmed,Q3 2026,Q3 2026,0,0,#DD0030,5,curve,162.4552516310309,186.3158662208386
TLS-0111,TFNSW-0062,Henry Lawson Drive Stage 1B,Central River City,$$$,CO,Construction and commissioning,Confirmed,Q4 2026,Q1 2029,1,10,#173077,5,curve,188.34655375222655,445.2289150807944
TLS-0112,TFNSW-0063,Hume Motorway,Central River City,$$$$$,TBA,Concept design and/or environmental assessment,Confirmed,Q3 2026,Q2 2028,0,7,#20A8E1,5,curve,163.21675993530138,367.8088382266311
TLS-0113,TFNSW-0063,Hume Motorway,Central River City,$$$$$,TBA,Project staging not yet available,Not available,Q3 2028,Q2 2030,8,15,#C3AAD2,5,curve,370.0933741794421,575.1931251216188
TLS-0114,TFNSW-0064,James Ruse Drive/Hassall Street,Central River City,$$$$,TBA,Project staging not yet available,Not available,Q3 2026,Q1 2029,0,10,#C3AAD2,5,curve,162.9629236098779,445.73659013164126
TLS-0115,TFNSW-0065,Menangle Road,Central River City,$$$$$$,TBA,Concept design and/or environmental assessment,Confirmed,Q3 2026,Q2 2028,0,7,#20A8E1,5,curve,163.21675993530138,367.8088382266311
TLS-0116,TFNSW-0065,Menangle Road,Central River City,$$$$$$,TBA,Project staging not yet available,Not available,Q3 2028,Q2 2030,8,15,#C3AAD2,5,curve,370.0933741794421,575.1931251216188
TLS-0117,TFNSW-0066,Spring Farm Parkway Stage 2,Central River City,$$$$$,TBA,Concept design and/or environmental assessment,Confirmed,Q3 2026,Q1 2028,0,6,#20A8E1,5,curve,163.21675993530138,341.9175330334355
TLS-0118,TFNSW-0066,Spring Farm Parkway Stage 2,Central River City,$$$$$,TBA,Project staging not yet available,Not available,Q2 2028,Q2 2030,7,15,#C3AAD2,5,curve,344.20205525824707,575.1931113936193
TLS-0119,TFNSW-0067,Stacey Street Upgrade,Central River City,$$$$$,TBA,Project staging not yet available,Not available,Q3 2026,Q4 2028,0,9,#C3AAD2,5,curve,162.9629236098779,419.8452849384458
TLS-0120,TFNSW-0068,Extend northbound overtaking lane on the approach to New Illawarra Road by approx 800m,Eastern Harbour City,$$$,CD&C,Construction procurement,Confirmed,Q3 2026,Q4 2026,0,1,#DD0030,6,curve,162.4552516310309,212.20717141403415
TLS-0121,TFNSW-0068,Extend northbound overtaking lane on the approach to New Illawarra Road by approx 800m,Eastern Harbour City,$$$,CD&C,Construction and commissioning,Confirmed,Q1 2027,Q2 2028,2,7,#173077,6,curve,214.2378414734229,367.5549820292084
TLS-0122,TFNSW-0069,Glebe Island Bridge,Eastern Harbour City,$$$,TBA,Concept design and/or environmental assessment,Confirmed,Q3 2026,Q4 2027,0,5,#20A8E1,6,curve,163.21675993530138,316.0262278402399
TLS-0123,TFNSW-0069,Glebe Island Bridge,Eastern Harbour City,$$$,TBA,Project staging not yet available,Not available,Q1 2028,Q2 2030,6,15,#C3AAD2,6,curve,318.31073873705196,575.1931000656198
TLS-0124,TFNSW-0070,"Heathcote Road, The Avenue to Princes Highway",Eastern Harbour City,$$$$$$,TBA,Concept design and/or environmental assessment,Confirmed,Q3 2026,Q1 2027,0,2,#20A8E1,6,curve,163.21675993530138,238.35231226065324
TLS-0125,TFNSW-0070,"Heathcote Road, The Avenue to Princes Highway",Eastern Harbour City,$$$$$$,TBA,Project staging not yet available,Not available,Q2 2027,Q2 2029,3,11,#C3AAD2,6,curve,240.636829973465,471.6278861088373
TLS-0126,TFNSW-0071,"Mona Vale Road West upgrade, McCarrs Creek Road to Powder Works Road",Eastern Harbour City,$$$$,D&C,Detailed or reference design,Confirmed,Q3 2026,Q4 2026,0,1,#7BAE27,6,curve,163.21675993530138,212.46100706745767
TLS-0127,TFNSW-0071,"Mona Vale Road West upgrade, McCarrs Creek Road to Powder Works Road",Eastern Harbour City,$$$$,D&C,Construction procurement,To be confirmed,Q1 2027,Q2 2027,2,3,#F3AEA3,6,curve,214.99936417769277,264.24361130984903
TLS-0128,TFNSW-0071,"Mona Vale Road West upgrade, McCarrs Creek Road to Powder Works Road",Eastern Harbour City,$$$$,D&C,Construction and commissioning,To be confirmed,Q3 2027,Q2 2030,4,15,#9C9DC5,6,curve,266.020476915813,574.685448630772
TLS-0129,TFNSW-0072,Airport Precinct Safety and Access Program (APSAP),Western Parkland City,TBA,TBA,Construction procurement,Confirmed,Q3 2026,Q3 2026,0,0,#DD0030,7,curve,162.4552516310309,186.3158662208386
TLS-0130,TFNSW-0072,Airport Precinct Safety and Access Program (APSAP),Western Parkland City,TBA,TBA,Construction and commissioning,Confirmed,Q4 2026,Q3 2027,1,4,#173077,7,curve,188.34655375222655,289.881083921621
TLS-0131,TFNSW-0073,Appin Road and St Johns Road Intersection Upgrade,Western Parkland City,$,CO,Construction procurement,To be confirmed,Q3 2026,Q4 2026,0,1,#F3AEA3,7,curve,163.21675993530138,212.46100706745767
TLS-0132,TFNSW-0073,Appin Road and St Johns Road Intersection Upgrade,Western Parkland City,$,CO,Construction and commissioning,To be confirmed,Q2 2027,Q4 2028,3,9,#9C9DC5,7,curve,240.1291603946179,419.33760614359903
TLS-0133,TFNSW-0074,"Bandon Road Upgrade & Extension, Windsor Road to Richmond Road",Western Parkland City,$$$$$,TBA,Construction procurement,Confirmed,Q3 2026,Q4 2026,0,1,#DD0030,7,curve,162.4552516310309,212.20717141403415
TLS-0134,TFNSW-0074,"Bandon Road Upgrade & Extension, Windsor Road to Richmond Road",Western Parkland City,$$$$$,TBA,Construction and commissioning,To be confirmed,Q1 2027,Q2 2030,2,15,#9C9DC5,7,curve,214.2378414734229,574.685423574773
TLS-0135,TFNSW-0075,Bradfield Metro Link Road - Badgerys Creek Road to Proposed Eastern Ring Road,Western Parkland City,$$$$$,CD&C,Concept design and/or environmental assessment,Confirmed,Q3 2026,Q2 2028,0,7,#20A8E1,7,curve,163.21675993530138,367.8088382266311
TLS-0136,TFNSW-0076,Burdekin Road and Townson Road Upgrade,Western Parkland City,$$$$$,TBA,Project staging not yet available,Not available,Q3 2026,Q2 2030,0,15,#C3AAD2,7,curve,162.9629236098779,575.1931160976192
TLS-0137,TFNSW-0077,Cambridge Avenue upgrade,Western Parkland City,$$$$,CD&C,Project staging not yet available,Not available,Q3 2026,Q2 2030,0,15,#C3AAD2,7,curve,162.9629236098779,575.1931160976192
TLS-0138,TFNSW-0078,Camden Valley Way,Western Parkland City,$$$$$,TBA,Concept design and/or environmental assessment,Confirmed,Q3 2026,Q2 2028,0,7,#20A8E1,7,curve,163.21675993530138,367.8088382266311
TLS-0139,TFNSW-0078,Camden Valley Way,Western Parkland City,$$$$$,TBA,Project staging not yet available,Not available,Q3 2028,Q2 2030,8,15,#C3AAD2,7,curve,370.0933741794421,575.1931251216188
TLS-0140,TFNSW-0079,Campbelltown Road,Western Parkland City,$$$$$,TBA,Concept design and/or environmental assessment,Confirmed,Q3 2026,Q2 2028,0,7,#20A8E1,7,curve,163.21675993530138,367.8088382266311
TLS-0141,TFNSW-0079,Campbelltown Road,Western Parkland City,$$$$$,TBA,Project staging not yet available,Not available,Q3 2028,Q2 2030,8,15,#C3AAD2,7,curve,370.0933741794421,575.1931251216188
TLS-0142,TFNSW-0080,Cowpasture Road,Western Parkland City,$$$$$,TBA,Project staging not yet available,Not available,Q3 2026,Q1 2029,0,10,#C3AAD2,7,curve,162.9629236098779,445.73659013164126
TLS-0143,TFNSW-0081,Devonshire Link Road - Mamre Road Stage 2 to Elizabeth Drive,Western Parkland City,$$$$$,TBA,Project staging not yet available,Not available,Q3 2026,Q1 2029,0,10,#C3AAD2,7,curve,162.9629236098779,445.73659013164126
TLS-0144,TFNSW-0082,Devonshire Road - Elizabeth Drive to Bringelly Road,Western Parkland City,TBA,CD&C,Project staging not yet available,Not available,Q3 2026,Q3 2029,0,12,#C3AAD2,7,curve,162.9629236098779,497.5192005180325
TLS-0145,TFNSW-0083,Eastern Ring Road and Badgerys Creek Road (South) - Elizabeth Drive to The Northern Road,Western Parkland City,$$$$$$,TBA,Project staging not yet available,Not available,Q3 2026,Q2 2030,0,15,#C3AAD2,7,curve,162.9629236098779,575.1931160976192
TLS-0146,TFNSW-0084,"Elizabeth Drive upgrade- Stage 1, Devonshire Road to Badgerys Creek",Western Parkland City,$$$$,CD&C,Construction procurement,Confirmed,Q3 2026,Q3 2026,0,0,#DD0030,7,curve,162.4552516310309,186.3158662208386
TLS-0147,TFNSW-0084,"Elizabeth Drive upgrade- Stage 1, Devonshire Road to Badgerys Creek",Western Parkland City,$$$$,CD&C,Construction and commissioning,Confirmed,Q4 2026,Q2 2029,1,11,#173077,7,curve,188.34655375222655,471.1202202739899
TLS-0148,TFNSW-0085,Fifteenth Avenue Upgrade,Western Parkland City,$$$$$,CD&C,Construction procurement,Confirmed,Q3 2026,Q4 2026,0,1,#DD0030,7,curve,162.4552516310309,212.20717141403415
TLS-0149,TFNSW-0085,Fifteenth Avenue Upgrade,Western Parkland City,$$$$$,CD&C,Construction and commissioning,Confirmed,Q1 2027,Q2 2030,2,15,#173077,7,curve,214.2378414734229,574.685423574773
TLS-0150,TFNSW-0086,Garfield Road Central,Western Parkland City,$$$$$,TBA,Project staging not yet available,Not available,Q3 2026,Q2 2030,0,15,#C3AAD2,7,curve,162.9629236098779,575.1931160976192
TLS-0151,TFNSW-0087,Garfield Road Upgrade East,Western Parkland City,$$$$,CD&C,Construction procurement,Confirmed,Q3 2026,Q3 2026,0,0,#DD0030,7,curve,162.4552516310309,186.3158662208386
TLS-0152,TFNSW-0087,Garfield Road Upgrade East,Western Parkland City,$$$$,CD&C,Construction and commissioning,Confirmed,Q4 2026,Q2 2029,1,11,#173077,7,curve,188.34655375222655,471.1202202739899
TLS-0153,TFNSW-0088,Garfield Road Upgrade West,Western Parkland City,$$$$,TBA,Project staging not yet available,Not available,Q3 2026,Q2 2030,0,15,#C3AAD2,7,curve,162.9629236098779,575.1931160976192
TLS-0154,TFNSW-0089,"Great Western Hwy and Parker St Intersection upgrade, Penrith",Western Parkland City,TBA,TBA,Project staging not yet available,Not available,Q3 2026,Q2 2030,0,15,#C3AAD2,7,curve,162.9629236098779,575.1931160976192
TLS-0155,TFNSW-0090,Hawkesbury-Nepean Valley Road Resilience Program,Western Parkland City,$$$$$,TBA,Project staging not yet available,Not available,Q3 2026,Q2 2030,0,15,#C3AAD2,7,curve,162.9629236098779,575.1931160976192
TLS-0156,TFNSW-0091,Mamre Road Upgrade - Stage 2,Western Parkland City,$$$$,CD&C,Construction procurement,Confirmed,Q3 2026,Q3 2026,0,0,#DD0030,7,curve,162.4552516310309,186.3158662208386
TLS-0157,TFNSW-0091,Mamre Road Upgrade - Stage 2,Western Parkland City,$$$$,CD&C,Construction and commissioning,Confirmed,Q4 2026,Q3 2029,1,12,#173077,7,curve,188.34655375222655,497.0115254671856
TLS-0158,TFNSW-0092,Mulgoa Road Upgrade Stage 5a & 5b,Western Parkland City,$$$,CD&C,Construction procurement,To be confirmed,Q1 2028,Q4 2028,6,9,#F3AEA3,7,curve,318.56457506247546,419.5914325810229
TLS-0159,TFNSW-0092,Mulgoa Road Upgrade Stage 5a & 5b,Western Parkland City,$$$,CD&C,Construction and commissioning,To be confirmed,Q4 2029,Q2 2030,13,15,#9C9DC5,7,curve,499.042251206572,574.6854761827708
TLS-0160,TFNSW-0093,Richmond Road Corridor Upgrade,Western Parkland City,$$$$$,TBA,Project staging not yet available,Not available,Q3 2026,Q2 2030,0,15,#C3AAD2,7,curve,162.9629236098779,575.1931160976192
TLS-0161,TFNSW-0094,"The Horsley Dr/Polding St, Fairfield",Western Parkland City,$,CO,Construction procurement,To be confirmed,Q3 2026,Q4 2026,0,1,#F3AEA3,7,curve,163.21675993530138,212.46100706745767
TLS-0162,TFNSW-0094,"The Horsley Dr/Polding St, Fairfield",Western Parkland City,$,CO,Construction and commissioning,To be confirmed,Q2 2027,Q1 2029,3,10,#9C9DC5,7,curve,240.1291603946179,445.22891133679457
TLS-0163,TFNSW-0095,"The Horsley Drive, M7 Motorway to Cowpasture Road",Western Parkland City,$$$,CO,Construction procurement,Confirmed,Q3 2026,Q3 2026,0,0,#DD0030,7,curve,162.4552516310309,186.3158662208386
TLS-0164,TFNSW-0095,"The Horsley Drive, M7 Motorway to Cowpasture Road",Western Parkland City,$$$,CO,Construction and commissioning,Confirmed,Q4 2026,Q3 2028,1,8,#173077,7,curve,188.34655375222655,393.4463046944032
TLS-0165,TFNSW-0096,"The Northern Road Upgrade, Borrowdale Way to Londonderry Road",Western Parkland City,TBA,TBA,Project staging not yet available,Not available,Q3 2026,Q2 2030,0,15,#C3AAD2,7,curve,162.9629236098779,575.1931160976192
TLS-0166,TFNSW-0097,Werrington Arterial Stage 2,Western Parkland City,TBA,TBA,Project staging not yet available,Not available,Q3 2026,Q1 2029,0,10,#C3AAD2,8,curve,162.9629236098779,445.73659013164126
TLS-0167,TFNSW-0098,Western Sydney Heavy Vehicle Rest Area,Western Parkland City,$$,TBA,Concept design and/or environmental assessment,Confirmed,Q3 2026,Q4 2026,0,1,#20A8E1,8,curve,163.21675993530138,212.46100706745767
TLS-0168,TFNSW-0098,Western Sydney Heavy Vehicle Rest Area,Western Parkland City,$$,TBA,Construction procurement,To be confirmed,Q1 2027,Q3 2027,2,4,#F3AEA3,8,curve,214.99936417769277,290.1349165030446
TLS-0169,TFNSW-0098,Western Sydney Heavy Vehicle Rest Area,Western Parkland City,$$,TBA,Construction and commissioning,To be confirmed,Q4 2027,Q3 2028,5,8,#9C9DC5,8,curve,291.9117646370093,393.44629480640367
TLS-0170,TFNSW-0099,Western Sydney International Airport Wayfinding,Western Parkland City,$,TBA,Project staging not yet available,Not available,Q3 2026,Q2 2029,0,11,#C3AAD2,8,curve,162.9629236098779,471.6278953248369
TLS-0171,TFNSW-0100,Windsor Road Upgrade at Rouse Hill,Western Parkland City,$$$$,CD&C,Concept design and/or environmental assessment,Confirmed,Q3 2026,Q3 2026,0,0,#20A8E1,8,curve,163.21675993530138,186.56970187426208
TLS-0172,TFNSW-0100,Windsor Road Upgrade at Rouse Hill,Western Parkland City,$$$$,CD&C,Construction procurement,Confirmed,Q4 2026,Q3 2027,1,4,#DD0030,8,curve,188.34655375222655,289.881083921621
TLS-0173,TFNSW-0100,Windsor Road Upgrade at Rouse Hill,Western Parkland City,$$$$,CD&C,Construction and commissioning,Confirmed,Q4 2027,Q4 2029,5,13,#173077,8,curve,291.9117646370093,522.9028207723816
TLS-0174,TFNSW-0101,Epping Bridge Project,Central River City,$$$,ITC,Construction procurement,To be confirmed,Q3 2026,Q3 2026,0,0,#F3AEA3,8,curve,163.21675993530138,186.56970187426208
TLS-0175,TFNSW-0101,Epping Bridge Project,Central River City,$$$,ITC,Detailed or reference design,To be confirmed,Q4 2026,Q1 2027,1,2,#D0DDAD,8,curve,189.1080620564971,238.35230918865335
TLS-0176,TFNSW-0101,Epping Bridge Project,Central River City,$$$,ITC,Construction and commissioning,To be confirmed,Q2 2027,Q3 2029,3,12,#9C9DC5,8,curve,240.1291603946179,497.01152172318575
TLS-0177,TFNSW-0102,Future Fleet Program,Rail,$$$$$$,TBA,Concept design and/or environmental assessment,Confirmed,Q3 2026,Q3 2026,0,0,#20A8E1,8,curve,163.21675993530138,186.56970187426208
TLS-0178,TFNSW-0102,Future Fleet Program,Rail,$$$$$$,TBA,Project staging not yet available,Not available,Q4 2026,Q2 2030,1,15,#C3AAD2,8,curve,188.8542257310736,575.1931130256194
TLS-0179,TFNSW-0103,Regional Overnight Sleeper Services,Rail,$$$$,TBA,Project staging not yet available,Not available,Q3 2026,Q3 2028,0,8,#C3AAD2,8,curve,162.9629236098779,393.95397974525014
TLS-0180,TFNSW-0103,Regional Overnight Sleeper Services,Rail,$$$$,TBA,Rolling program,Confirmed,Q3 2029,Q3 2029,12,12,#33383D,8,curve,473.9124165896485,497.2653585286092
TLS-0181,TFNSW-0104,Oxford Street Revitalisation (previously Oxford Street East Cycleway),Eastern Harbour City,$$,TBA,Detailed or reference design,Confirmed,Q3 2026,Q3 2028,0,8,#7BAE27,8,curve,163.21675993530138,393.70014341982665
TLS-0182,TFNSW-0104,Oxford Street Revitalisation (previously Oxford Street East Cycleway),Eastern Harbour City,$$,TBA,Construction procurement,To be confirmed,Q4 2028,Q2 2029,9,11,#F3AEA3,8,curve,396.2384982260619,471.37405055141375
TLS-0183,TFNSW-0104,Oxford Street Revitalisation (previously Oxford Street East Cycleway),Eastern Harbour City,$$,TBA,Construction and commissioning,To be confirmed,Q3 2029,Q2 2030,12,15,#9C9DC5,8,curve,473.150932285377,574.6854624547714
TLS-0184,TFNSW-0105,Dobroyd Parade Pedestrian Bridge,Minor Projects,$,TBA,Construction procurement,Confirmed,Q3 2026,Q3 2026,0,0,#DD0030,9,curve,162.4552516310309,186.3158662208386
TLS-0185,TFNSW-0105,Dobroyd Parade Pedestrian Bridge,Minor Projects,$,TBA,Construction and commissioning,Confirmed,Q4 2026,Q3 2028,1,8,#173077,9,curve,188.34655375222655,393.4463046944032
TLS-0186,TFNSW-0106,Flushcombe Rd / Bungarribee Rd Intersection Upgrade and Francis Street Upgrade,Minor Projects,$,TBA,Project staging not yet available,Not available,Q3 2026,Q2 2030,0,15,#C3AAD2,9,curve,162.9629236098779,575.1931160976192
TLS-0187,TFNSW-0107,Francis Road Railway Overpass Widening at Rooty Hill,Minor Projects,$,TBA,Project staging not yet available,Not available,Q3 2026,Q2 2030,0,15,#C3AAD2,9,curve,162.9629236098779,575.1931160976192
TLS-0188,TFNSW-0108,Greater Sydney Cycling and Micromobility Investment Program,Minor Projects,$,TBA,Project staging not yet available,Not available,Q3 2026,Q2 2030,0,15,#C3AAD2,9,curve,162.9629236098779,575.1931160976192
TLS-0189,TFNSW-0109,Hurstville Pedestrian Bridge,Minor Projects,$,TBA,Detailed or reference design,Confirmed,Q3 2026,Q1 2027,0,2,#7BAE27,9,curve,163.21675993530138,238.35231226065324
TLS-0190,TFNSW-0109,Hurstville Pedestrian Bridge,Minor Projects,$,TBA,Construction procurement,Confirmed,Q2 2027,Q3 2027,3,4,#DD0030,9,curve,240.1291603946179,289.8810801776212
TLS-0191,TFNSW-0109,Hurstville Pedestrian Bridge,Minor Projects,$,TBA,Construction and commissioning,Confirmed,Q4 2027,Q4 2028,5,9,#173077,9,curve,291.9117646370093,419.33759999959926
TLS-0192,TFNSW-0110,Kosciuszko Rd and Alpine Way (Intersection Upgrade),Minor Projects,$,TBA,Project staging not yet available,Not available,Q3 2026,Q2 2030,0,15,#C3AAD2,9,curve,162.9629236098779,575.1931160976192
TLS-0193,TFNSW-0111,M4 Improvement Works - Coleman to Church,Minor Projects,$,TBA,Concept design and/or environmental assessment,Confirmed,Q3 2026,Q3 2028,0,8,#20A8E1,9,curve,163.21675993530138,393.70014341982665
TLS-0194,TFNSW-0111,M4 Improvement Works - Coleman to Church,Minor Projects,$,TBA,Project staging not yet available,Not available,Q4 2028,Q2 2030,9,15,#C3AAD2,9,curve,395.9846619006384,575.1931076496195
TLS-0195,TFNSW-0112,"McEvoy Street and Botany Road, Waterloo Intersection Improvements",Minor Projects,$,TBA,Detailed or reference design,Confirmed,Q3 2026,Q3 2026,0,0,#7BAE27,9,curve,163.21675993530138,186.56970187426208
TLS-0196,TFNSW-0112,"McEvoy Street and Botany Road, Waterloo Intersection Improvements",Minor Projects,$,TBA,Construction procurement,Confirmed,Q4 2026,Q2 2027,1,3,#DD0030,9,curve,188.34655375222655,263.9897787284254
TLS-0197,TFNSW-0112,"McEvoy Street and Botany Road, Waterloo Intersection Improvements",Minor Projects,$,TBA,Construction and commissioning,Confirmed,Q3 2027,Q4 2028,4,9,#173077,9,curve,266.020476915813,419.33761747159855
TLS-0198,TFNSW-0113,North Sydney Active Transport,Minor Projects,$,TBA,Concept design and/or environmental assessment,Confirmed,Q3 2026,Q3 2026,0,0,#20A8E1,9,curve,163.21675993530138,186.56970187426208
TLS-0199,TFNSW-0113,North Sydney Active Transport,Minor Projects,$,TBA,Detailed or reference design procurement,Confirmed,Q4 2026,Q4 2026,1,1,#EC7C0E,9,curve,189.1080620564971,212.4610039954578
TLS-0200,TFNSW-0113,North Sydney Active Transport,Minor Projects,$,TBA,Detailed or reference design,Confirmed,Q1 2027,Q2 2027,2,3,#7BAE27,9,curve,214.99936417769277,264.24361130984903
TLS-0201,TFNSW-0113,North Sydney Active Transport,Minor Projects,$,TBA,Construction procurement,Confirmed,Q3 2027,Q4 2027,4,5,#DD0030,9,curve,266.020476915813,315.77239669881624
TLS-0202,TFNSW-0113,North Sydney Active Transport,Minor Projects,$,TBA,Construction and commissioning,Confirmed,Q1 2028,Q3 2028,6,8,#173077,9,curve,317.8030835582043,393.4463085344032
TLS-0203,TFNSW-0113,North Sydney Active Transport,Minor Projects,$,TBA,Concept design and/or environmental assessment,Confirmed,Q1 2029,Q1 2029,10,10,#20A8E1,9,curve,422.1298267472565,445.4827686862173
TLS-0204,TFNSW-0113,North Sydney Active Transport,Minor Projects,$,TBA,Construction procurement,Confirmed,Q2 2029,Q3 2029,11,12,#DD0030,9,curve,447.259613364182,497.0115331471852
TLS-0205,TFNSW-0113,North Sydney Active Transport,Minor Projects,$,TBA,Construction and commissioning,Confirmed,Q4 2029,Q2 2030,13,15,#173077,9,curve,499.042251206572,574.6854761827708
TLS-0206,TFNSW-0114,Parramatta to Sydney Foreshore link,Minor Projects,$,TBA,Project staging not yet available,Not available,Q3 2026,Q2 2030,0,15,#C3AAD2,9,curve,162.9629236098779,575.1931160976192
TLS-0207,TFNSW-0115,Princes Hwy/Waratah St Intrs-Kirrawee,Minor Projects,$,TBA,Construction procurement,Confirmed,Q4 2026,Q1 2027,1,2,#DD0030,9,curve,188.34655375222655,238.09847353522983
TLS-0208,TFNSW-0115,Princes Hwy/Waratah St Intrs-Kirrawee,Minor Projects,$,TBA,Construction and commissioning,Confirmed,Q2 2027,Q1 2029,3,10,#173077,9,curve,240.1291603946179,445.22891133679457
TLS-0209,TFNSW-0116,Safety Barrier Program,Minor Projects,$,TBA,Project staging not yet available,Not available,Q3 2026,Q2 2030,0,15,#C3AAD2,9,curve,162.9629236098779,575.1931160976192
TLS-0210,TFNSW-0117,Shellharbour Hospital Shared User Path,Minor Projects,$,TBA,Project staging not yet available,Not available,Q3 2026,Q2 2030,0,15,#C3AAD2,9,curve,162.9629236098779,575.1931160976192
TLS-0211,TFNSW-0118,Strategic Cycleway Corridors,Minor Projects,$,TBA,Detailed or reference design,To be confirmed,Q3 2026,Q2 2029,0,11,#D0DDAD,9,curve,163.21675993530138,471.37405899941336
TLS-0212,TFNSW-0119,Sutherland to Cronulla Active Transport Link (Stage 2B West),Minor Projects,$,TBA,Concept design and/or environmental assessment,Confirmed,Q3 2026,Q2 2027,0,3,#20A8E1,9,curve,163.21675993530138,264.2436174538488
TLS-0213,TFNSW-0119,Sutherland to Cronulla Active Transport Link (Stage 2B West),Minor Projects,$,TBA,Detailed or reference design procurement,Confirmed,Q3 2027,Q3 2027,4,4,#EC7C0E,9,curve,266.7819708200841,290.1349127590448
TLS-0214,TFNSW-0119,Sutherland to Cronulla Active Transport Link (Stage 2B West),Minor Projects,$,TBA,Detailed or reference design,Confirmed,Q4 2027,Q2 2028,5,7,#7BAE27,9,curve,292.6732873412792,367.80883966663106
TLS-0215,TFNSW-0119,Sutherland to Cronulla Active Transport Link (Stage 2B West),Minor Projects,$,TBA,Construction procurement,Confirmed,Q3 2028,Q4 2028,8,9,#DD0030,9,curve,369.58568780059574,419.337607583599
TLS-0216,TFNSW-0119,Sutherland to Cronulla Active Transport Link (Stage 2B West),Minor Projects,$,TBA,Construction and commissioning,Confirmed,Q1 2029,Q2 2029,10,11,#173077,9,curve,421.368294442987,471.12021422599025
TLS-0217,TFNSW-0120,Sutherland to Cronulla Active Transport Link (Stage 3),Minor Projects,$,TBA,Concept design and/or environmental assessment,Confirmed,Q3 2026,Q2 2027,0,3,#20A8E1,9,curve,163.21675993530138,264.2436174538488
TLS-0218,TFNSW-0120,Sutherland to Cronulla Active Transport Link (Stage 3),Minor Projects,$,TBA,Detailed or reference design procurement,Confirmed,Q3 2027,Q3 2027,4,4,#EC7C0E,9,curve,266.7819708200841,290.1349127590448
TLS-0219,TFNSW-0120,Sutherland to Cronulla Active Transport Link (Stage 3),Minor Projects,$,TBA,Detailed or reference design,Confirmed,Q4 2027,Q2 2028,5,7,#7BAE27,9,curve,292.6732873412792,367.80883966663106
TLS-0220,TFNSW-0120,Sutherland to Cronulla Active Transport Link (Stage 3),Minor Projects,$,TBA,Construction procurement,Confirmed,Q3 2028,Q4 2028,8,9,#DD0030,9,curve,369.58568780059574,419.337607583599
TLS-0221,TFNSW-0120,Sutherland to Cronulla Active Transport Link (Stage 3),Minor Projects,$,TBA,Construction and commissioning,Confirmed,Q1 2029,Q2 2029,10,11,#173077,9,curve,421.368294442987,471.12021422599025
TLS-0222,TFNSW-0121,Sydney Park Junction,Minor Projects,$,TBA,Construction procurement,Confirmed,Q3 2026,Q4 2026,0,1,#DD0030,9,curve,162.4552516310309,212.20717141403415
TLS-0223,TFNSW-0121,Sydney Park Junction,Minor Projects,$,TBA,Construction and commissioning,Confirmed,Q1 2027,Q4 2028,2,9,#173077,9,curve,214.2378414734229,419.3375924155996
TLS-0224,TFNSW-0122,Thurgoona Drive Intersection Upgrade,Minor Projects,$,TBA,Project staging not yet available,Not available,Q3 2026,Q2 2030,0,15,#C3AAD2,9,curve,162.9629236098779,575.1931160976192
TLS-0225,TFNSW-0123,"WSRB, Package 4; Bradfield Layover",Minor Projects,$,TBA,Project staging not yet available,Not available,Q3 2026,Q2 2030,0,15,#C3AAD2,9,curve,162.9629236098779,575.1931160976192
