master_project_id,master_project_name,project_id,project_name,sector,pipeline_category,estimated_value_code,estimated_value_band,value_minimum_aud_m,value_maximum_aud_m,procurement_strategy_code,procurement_strategy_name,current_phase,current_phase_definition,procurement_start_period,procurement_end_period,construction_start_period,construction_end_period,project_url
MASTER-0005,Airport Precinct Safety and Access Program (APSAP),PRJ-0001,Airport Precinct Safety and Access Program (APSAP),Transport,Pipeline,TBA,To be advised,,,TBA,To be advised,Construction Procurement,"Preparation, approval and release of procurement documents",Q2 2026,Q3 2026,Q4 2026,Q3 2027,https://www.transport.nsw.gov.au/projects/current-projects/airport-precinct-safety-and-access-program
MASTER-0197,Almond Street to M1 Princes Motorway,PRJ-0002,Almond Street to M1 Princes Motorway,Transport,In Planning,TBA,To be advised,,,,,,,,,,,https://roads-waterways.transport.nsw.gov.au/projects/picton-road-projects/picton-road-upgrade/index.html
MASTER-0198,Appin Road safety improvements,PRJ-0003,Appin Road safety improvements,Transport,Pipeline,$$,$100M to $250M,100.0,250.0,CO,Construct Only,Construction Procurement,"Preparation, approval and release of procurement documents",Q3 2026,Q4 2026,Q1 2027,Q2 2029,https://roads-waterways.transport.nsw.gov.au/projects/appin-road-improvements/index.html
MASTER-0199,Appin Town Centre By-Pass,PRJ-0004,Appin Town Centre By-Pass,Transport,In Planning,$$$,$250M to $500M,250.0,500.0,,,,,,,,,https://www.transport.nsw.gov.au/projects/current-projects/south-west-roads-planning
MASTER-0200,Australia Avenue intersection upgrade,PRJ-0005,Australia Avenue intersection upgrade,Transport,Pipeline,$$,$100M to $250M,100.0,250.0,D&C,Design and Construct,Construction Procurement,"Preparation, approval and release of procurement documents",Q2 2026,Q4 2026,Q1 2027,Q1 2029,https://roads-waterways.transport.nsw.gov.au/projects/homebush-bay-drive-australia-ave-upgrade/index.html
MASTER-0201,Avoca Drive upgrade Kincumber,PRJ-0006,Avoca Drive upgrade Kincumber,Transport,In Planning,$$,$100M to $250M,100.0,250.0,,,,,,,,,https://www.transport.nsw.gov.au/projects/current-projects/avoca-drive-upgrade-at-kincumber
MASTER-0202,"Bandon Road Upgrade & Extension, Windsor Road to Richmond Road",PRJ-0007,"Bandon Road Upgrade & Extension, Windsor Road to Richmond Road",Transport,Pipeline,$$$$,$500M to $1B,500.0,1000.0,TBA,To be advised,Construction Procurement,"Preparation, approval and release of procurement documents",Q2 2026,Q4 2026,Q1 2027,Q3 2030,https://www.transport.nsw.gov.au/projects/current-projects/bandon-road-north-west-growth-area
MASTER-0203,Barton Highway upgrade - Stage 2,PRJ-0008,Barton Highway upgrade - Stage 2,Transport,In Planning,$$,$100M to $250M,100.0,250.0,,,,,,,,,https://www.transport.nsw.gov.au/projects/current-projects/barton-highway-corridor-upgrade-stage-2-barton-highway
MASTER-0204,Bells Line of Road safety improvements,PRJ-0009,Bells Line of Road safety improvements,Transport,In Planning,$,$50M to $100M,50.0,100.0,,,,,,,,,https://www.transport.nsw.gov.au/projects/current-projects/bells-line-of-road-safety-improvements
MASTER-0205,Bradfield Metro Link Road - Badgery's Creek Road to Proposed Eastern Ring Road,PRJ-0010,Bradfield Metro Link Road - Badgery's Creek Road to Proposed Eastern Ring Road,Transport,In Planning,$$$$,$500M to $1B,500.0,1000.0,,,,,,,,,https://www.transport.nsw.gov.au/projects/current-projects/bradfield-precinct-priority-roads
MASTER-0206,Bulli Bypass,PRJ-0011,Bulli Bypass,Transport,In Planning,TBA,To be advised,,,,,,,,,,,https://www.transport.nsw.gov.au/projects/current-projects/bulli-bypass
MASTER-0207,Burdekin Road and Townson Road upgrade,PRJ-0012,Burdekin Road and Townson Road upgrade,Transport,In Planning,$$$$,$500M to $1B,500.0,1000.0,,,,,,,,,https://roads-waterways.transport.nsw.gov.au/projects/north-west-growth-centre-strategy/townson-burdekin-road.html
MASTER-0208,Bus Service Improvement Program,PRJ-0013,Bus Service Improvement Program,Transport,In Planning,$$$$$,Over $1B,1000.0,,,,,,,,,,https://www.transport.nsw.gov.au/
MASTER-0209,Cambridge Avenue upgrade,PRJ-0014,Cambridge Avenue upgrade,Transport,In Planning,$$$,$250M to $500M,250.0,500.0,,,,,,,,,https://www.transport.nsw.gov.au/projects/current-projects/cambridge-avenue-glenfield-upgrade
MASTER-0210,Camden Valley Way,PRJ-0015,Camden Valley Way,Transport,In Planning,$$$$,$500M to $1B,500.0,1000.0,,,,,,,,,https://www.transport.nsw.gov.au/projects/current-projects/south-west-roads-planning
MASTER-0211,Campbelltown Road,PRJ-0016,Campbelltown Road,Transport,In Planning,$$$$,$500M to $1B,500.0,1000.0,,,,,,,,,https://www.transport.nsw.gov.au/projects/current-projects/south-west-roads-planning
MASTER-0031,Castlereagh Connection,PRJ-0017,Castlereagh Connection,Transport,In Planning,$$$$$,Over $1B,1000.0,,,,,,,,,,https://www.transport.nsw.gov.au/
MASTER-0212,Central Precinct Renewal Program - Main Works,PRJ-0018,Central Precinct Renewal Program - Main Works,Transport,In Planning,$$$$,$500M to $1B,500.0,1000.0,,,,,,,,,https://www.transport.nsw.gov.au/projects/current-projects/central-precinct-renewal-program
MASTER-0213,Circular Quay renewal,PRJ-0019,Circular Quay renewal,Transport,In Planning,TBA,To be advised,,,,,,,,,,,https://www.transport.nsw.gov.au/
MASTER-0214,Cowpasture Road,PRJ-0020,Cowpasture Road,Transport,In Planning,$$$$,$500M to $1B,500.0,1000.0,,,,,,,,,https://www.transport.nsw.gov.au/
MASTER-0215,Dapto Ramps,PRJ-0021,Dapto Ramps,Transport,In Planning,TBA,To be advised,,,,,,,,,,,https://www.transport.nsw.gov.au/projects/current-projects/south-facing-ramps-at-dapto
MASTER-0216,Devonshire Link Road - Mamre Road Stage 2 to Elizabeth Drive,PRJ-0022,Devonshire Link Road - Mamre Road Stage 2 to Elizabeth Drive,Transport,In Planning,$$$$,$500M to $1B,500.0,1000.0,,,,,,,,,https://www.transport.nsw.gov.au/
MASTER-0217,Devonshire Road - Elizabeth Drive to Bringelly Road,PRJ-0023,Devonshire Road - Elizabeth Drive to Bringelly Road,Transport,In Planning,TBA,To be advised,,,,,,,,,,,https://www.transport.nsw.gov.au/
MASTER-0010,Eastern Ring Road and Badgerys Creek Road (South) - Elizabeth Drive to The Northern Road,PRJ-0024,Eastern Ring Road and Badgerys Creek Road (South) - Elizabeth Drive to The Northern Road,Transport,In Planning,$$$$$,Over $1B,1000.0,,,,,,,,,,https://www.transport.nsw.gov.au/
MASTER-0218,"Elizabeth Drive upgrade-Stage 1, Devonshire Road to Badgerys Creek",PRJ-0025,"Elizabeth Drive upgrade-Stage 1, Devonshire Road to Badgerys Creek",Transport,Pipeline,$$$,$250M to $500M,250.0,500.0,CD&C,Collaborative Design and Construct,Construction Procurement,"Preparation, approval and release of procurement documents",Q2 2026,Q3 2026,Q4 2026,Q3 2029,https://roads-waterways.transport.nsw.gov.au/projects/elizabeth-drive-upgrade/index.html
MASTER-0219,Epping Bridge Project,PRJ-0026,Epping Bridge Project,Transport,In Planning,$$,$100M to $250M,100.0,250.0,,,,,,,,,https://www.transport.nsw.gov.au/projects/current-projects/epping-bridge-project
MASTER-0220,Extend northbound overtaking lane on the approach to New Illawarra Road by approx 800m,PRJ-0027,Extend northbound overtaking lane on the approach to New Illawarra Road by approx 800m,Transport,Pipeline,$$,$100M to $250M,100.0,250.0,CD&C,Collaborative Design and Construct,Construction Procurement,"Preparation, approval and release of procurement documents",Q1 2026,Q4 2026,Q1 2027,Q2 2028,https://www.transport.nsw.gov.au/
MASTER-0221,Fifteenth Avenue Upgrade,PRJ-0028,Fifteenth Avenue Upgrade,Transport,Pipeline,$$$$,$500M to $1B,500.0,1000.0,CO,Construct Only,Construction Procurement,"Preparation, approval and release of procurement documents",Q2 2026,Q2 2027,Q3 2027,Q2 2031,https://www.transport.nsw.gov.au/projects/current-projects/fifteenth-avenue-transit-corridor
MASTER-0128,Future Fleet Program,PRJ-0029,Future Fleet Program,Transport,In Planning,$$$$$,Over $1B,1000.0,,,,,,,,,,https://www.transport.nsw.gov.au/
MASTER-0222,Garfield Road Central,PRJ-0030,Garfield Road Central,Transport,In Planning,$$$$,$500M to $1B,500.0,1000.0,,,,,,,,,https://www.transport.nsw.gov.au/projects/current-projects/garfield-road-central
MASTER-0223,Garfield Road Upgrade West,PRJ-0031,Garfield Road Upgrade West,Transport,In Planning,$$$,$250M to $500M,250.0,500.0,,,,,,,,,https://roads-waterways.transport.nsw.gov.au/projects/north-west-growth-centre-strategy/garfield-road.html
MASTER-0224,Garfield Road upgrade East,PRJ-0032,Garfield Road upgrade East,Transport,Pipeline,$$$,$250M to $500M,250.0,500.0,CD&C,Collaborative Design and Construct,Construction Procurement,"Preparation, approval and release of procurement documents",Q2 2026,Q3 2026,Q4 2026,Q2 2029,https://roads-waterways.transport.nsw.gov.au/projects/north-west-growth-centre-strategy/garfield-road.html
MASTER-0225,Glebe Island Bridge,PRJ-0033,Glebe Island Bridge,Transport,In Planning,$$,$100M to $250M,100.0,250.0,,,,,,,,,https://www.transport.nsw.gov.au/gib
MASTER-0226,"Goonoo Goonoo Road widening, Tamworth",PRJ-0034,"Goonoo Goonoo Road widening, Tamworth",Transport,Pipeline,$,$50M to $100M,50.0,100.0,TBA,To be advised,Design,Preparation and approval of project design,Q1 2027,Q3 2028,Q1 2029,Q4 2030,https://www.transport.nsw.gov.au/projects/current-projects/goonoo-goonoo-road-tamworth
MASTER-0227,Gosford Bypass,PRJ-0035,Gosford Bypass,Transport,In Planning,TBA,To be advised,,,,,,,,,,,https://www.transport.nsw.gov.au/projects/current-projects/gosford-bypass
MASTER-0228,"Great Western Hwy and Parker St Intersection upgrade, Penrith",PRJ-0036,"Great Western Hwy and Parker St Intersection upgrade, Penrith",Transport,In Planning,TBA,To be advised,,,,,,,,,,,https://www.transport.nsw.gov.au/
MASTER-0229,Hawkesbury-Nepean Valley Road Resilience Program,PRJ-0037,Hawkesbury-Nepean Valley Road Resilience Program,Transport,In Planning,$$$$,$500M to $1B,500.0,1000.0,,,,,,,,,https://roads-waterways.transport.nsw.gov.au/projects/flood-resilience-program/index.html
MASTER-0001,"Heathcote Road, The Avenue to Princes Highway",PRJ-0038,"Heathcote Road, The Avenue to Princes Highway",Transport,In Planning,$$$$$,Over $1B,1000.0,,,,,,,,,,https://roads-waterways.transport.nsw.gov.au/projects/heathcote-road-upgrade/index.html
MASTER-0177,Henry Lawson Drive Stage 1B,PRJ-0039,Henry Lawson Drive Stage 1B,Transport,Pipeline,$$,$100M to $250M,100.0,250.0,CO,Construct Only,Construction Procurement,"Preparation, approval and release of procurement documents",Q2 2026,Q3 2026,Q4 2026,Q1 2029,https://www.transport.nsw.gov.au/projects/current-projects/henry-lawson-drive-upgrade-stage-1b
MASTER-0230,Hume Motorway,PRJ-0040,Hume Motorway,Transport,In Planning,$$$$,$500M to $1B,500.0,1000.0,,,,,,,,,https://www.transport.nsw.gov.au/projects/current-projects/south-west-roads-planning
MASTER-0231,James Ruse Drive/Hassall Street,PRJ-0041,James Ruse Drive/Hassall Street,Transport,In Planning,$$$,$250M to $500M,250.0,500.0,,,,,,,,,https://www.transport.nsw.gov.au/
MASTER-0232,Jervis Bay Road to Hawken Road,PRJ-0042,Jervis Bay Road to Hawken Road,Transport,In Planning,$$$,$250M to $500M,250.0,500.0,,,,,,,,,https://roads-waterways.transport.nsw.gov.au/projects/princes-highway/jervis-bay-road-to-sussex-inlet-upgrade.html
MASTER-0233,"John Renshaw Drive upgrade, Black Hill",PRJ-0043,"John Renshaw Drive upgrade, Black Hill",Transport,In Planning,$$$,$250M to $500M,250.0,500.0,,,,,,,,,https://investment.infrastructure.gov.au/projects/117864-21nsw-np
MASTER-0234,M1 Pacific Motorway Upgrade between Wahroonga and Beresfield,PRJ-0044,M1 Pacific Motorway Upgrade between Wahroonga and Beresfield,Transport,In Planning,TBA,To be advised,,,,,,,,,,,https://www.transport.nsw.gov.au/
MASTER-0155,Macquarie Park Precinct and Bus Interchange,PRJ-0045,Macquarie Park Precinct and Bus Interchange,Transport,In Planning,$$,$100M to $250M,100.0,250.0,,,,,,,,,https://www.transport.nsw.gov.au/projects/current-projects/macquarie-park-precinct-and-bus-interchange
MASTER-0235,Maitland Westbound Overpass,PRJ-0046,Maitland Westbound Overpass,Transport,In Planning,TBA,To be advised,,,,,,,,,,,https://www.transport.nsw.gov.au/
MASTER-0236,Mamre Road Upgrade - Stage 2,PRJ-0047,Mamre Road Upgrade - Stage 2,Transport,Pipeline,$$$,$250M to $500M,250.0,500.0,CD&C,Collaborative Design and Construct,Construction Procurement,"Preparation, approval and release of procurement documents",Q2 2026,Q3 2026,Q4 2026,Q3 2029,https://www.transport.nsw.gov.au/projects/current-projects/mamre-road-upgrade-%E2%80%93-between-erskine-park-road-erskine-park-and-kerrs
MASTER-0237,"Mandalong Road upgrade, Morisset",PRJ-0048,"Mandalong Road upgrade, Morisset",Transport,Pipeline,$,$50M to $100M,50.0,100.0,CO,Construct Only,Design,Preparation and approval of project design,Q1 2027,Q2 2027,Q3 2027,Q1 2030,https://www.transport.nsw.gov.au/projects/current-projects/mandalong-road-upgrade-morisset
MASTER-0238,"Manns Road Upgrade, Stockyard Place to Narara Creek Road priority intersection upgrades",PRJ-0049,"Manns Road Upgrade, Stockyard Place to Narara Creek Road priority intersection upgrades",Transport,In Planning,$,$50M to $100M,50.0,100.0,,,,,,,,,https://roads-waterways.transport.nsw.gov.au/projects/west-gosford-to-narara/index.html
MASTER-0239,Menangle Road,PRJ-0050,Menangle Road,Transport,In Planning,$$$$$,Over $1B,1000.0,,,,,,,,,,https://www.transport.nsw.gov.au/projects/current-projects/menangle-road-upgrade
MASTER-0240,Milton/Ulladulla Bypass,PRJ-0051,Milton/Ulladulla Bypass,Transport,In Planning,$$$$,$500M to $1B,500.0,1000.0,,,,,,,,,https://roads-waterways.transport.nsw.gov.au/projects/milton-ulladulla-bypass/index.html
MASTER-0087,"Mona Vale Road West upgrade, McCarrs Creek Road to Powder Works Road",PRJ-0052,"Mona Vale Road West upgrade, McCarrs Creek Road to Powder Works Road",Transport,Pipeline,$$$,$250M to $500M,250.0,500.0,D&C,Design and Construct,Design,Preparation and approval of project design,Q1 2027,Q2 2027,Q3 2027,Q2 2030,https://roads-waterways.transport.nsw.gov.au/projects/mona-vale-road/mvrwest/index.html
MASTER-0241,Mount Ousley Safety and Reliability,PRJ-0053,Mount Ousley Safety and Reliability,Transport,In Planning,TBA,To be advised,,,,,,,,,,,https://www.transport.nsw.gov.au/projects/current-projects/mount-ousley-safety-and-reliability-improvements
MASTER-0242,Mulgoa Road Upgrade Stage 5a & 5b,PRJ-0054,Mulgoa Road Upgrade Stage 5a & 5b,Transport,In Planning,$$,$100M to $250M,100.0,250.0,,,,,,,,,https://www.transport.nsw.gov.au/
MASTER-0243,Muswellbrook Bypass,PRJ-0055,Muswellbrook Bypass,Transport,Pipeline,$$$,$250M to $500M,250.0,500.0,D&C,Design and Construct,Construction Procurement,"Preparation, approval and release of procurement documents",Q2 2026,Q2 2027,Q3 2027,Q2 2031,https://roads-waterways.transport.nsw.gov.au/projects/new-england-highway/muswellbrook-bypass.html
MASTER-0244,Narooma Bridge,PRJ-0056,Narooma Bridge,Transport,In Planning,TBA,To be advised,,,,,,,,,,,https://www.transport.nsw.gov.au/
MASTER-0245,Nelson Bay Road Improvements,PRJ-0057,Nelson Bay Road Improvements,Transport,In Planning,$$$,$250M to $500M,250.0,500.0,,,,,,,,,https://roads-waterways.transport.nsw.gov.au/projects/nelson-bay-road/index.html
MASTER-0246,Nepean River to Almond Street,PRJ-0058,Nepean River to Almond Street,Transport,In Planning,$$$$,$500M to $1B,500.0,1000.0,,,,,,,,,https://roads-waterways.transport.nsw.gov.au/projects/picton-road-projects/picton-road-upgrade/index.html
MASTER-0015,New Bus Services for Western Sydney,PRJ-0059,New Bus Services for Western Sydney,Transport,Pipeline,$$$,$250M to $500M,250.0,500.0,Various,Various,Design,Preparation and approval of project design,Q1 2027,Q2 2027,Q3 2027,Q2 2028,https://www.transport.nsw.gov.au/projects/current-projects/new-bus-services-for-western-sydney
MASTER-0104,New Electric Bus Program,PRJ-0060,New Electric Bus Program,Transport,Pipeline,$$$$$,Over $1B,1000.0,,CO,Construct Only,Rolling Program,Rolling program with ongoing procurement and delivery,Ongoing,Ongoing,Ongoing,Ongoing,https://www.transport.nsw.gov.au/projects/current-projects/zero-emission-buses
MASTER-0247,New Electric Bus Program - Tranche 2,PRJ-0061,New Electric Bus Program - Tranche 2,Transport,In Planning,$$$$$,Over $1B,1000.0,,,,,,,,,,https://www.transport.nsw.gov.au/
MASTER-0248,Newcastle Link Road/Minmi Road intersection upgrade,PRJ-0062,Newcastle Link Road/Minmi Road intersection upgrade,Transport,In Planning,$$,$100M to $250M,100.0,250.0,,,,,,,,,https://www.transport.nsw.gov.au/
MASTER-0249,"Newell Highway, Tichborne grade separation for Inland Rail",PRJ-0063,"Newell Highway, Tichborne grade separation for Inland Rail",Transport,In Planning,TBA,To be advised,,,,,,,,,,,https://www.transport.nsw.gov.au/projects/current-projects/tichborne-grade-separation
MASTER-0250,"Newell Highway, improve flood mitigation between West Wyalong and Forbes",PRJ-0064,"Newell Highway, improve flood mitigation between West Wyalong and Forbes",Transport,In Planning,$$,$100M to $250M,100.0,250.0,,,,,,,,,https://roads-waterways.transport.nsw.gov.au/projects/newell-highway/west-wyalong-flood-immunity.html
MASTER-0251,Nowra Bypass,PRJ-0065,Nowra Bypass,Transport,In Planning,TBA,To be advised,,,,,,,,,,,https://www.transport.nsw.gov.au/projects/current-projects/nowra-bypass-and-transport-improvements
MASTER-0252,"Olympic Highway, Harris Gates grade separation for Inland Rail",PRJ-0066,"Olympic Highway, Harris Gates grade separation for Inland Rail",Transport,In Planning,TBA,To be advised,,,,,,,,,,,https://www.transport.nsw.gov.au/projects/current-projects/harris-gates-grade-separation
MASTER-0253,Oxford Street Revitalisation (previously Oxford Street East Cycleway),PRJ-0067,Oxford Street Revitalisation (previously Oxford Street East Cycleway),Transport,Pipeline,$,$50M to $100M,50.0,100.0,TBA,To be advised,Design,Preparation and approval of project design,Q4 2028,Q2 2029,Q3 2029,Q4 2030,https://www.transport.nsw.gov.au/projects/current-projects/oxford-street-east-cycleway
MASTER-0068,"Pacific Highway, Harrington Road / Coopernook Road interchange",PRJ-0068,"Pacific Highway, Harrington Road / Coopernook Road interchange",Transport,Pipeline,$,$50M to $100M,50.0,100.0,CO,Construct Only,Construction Procurement,"Preparation, approval and release of procurement documents",Q3 2026,Q3 2027,Q4 2027,Q1 2029,https://www.transport.nsw.gov.au/projects/current-projects/pacific-highway-harrington-road-interchange
MASTER-0254,"Pacific Highway, Raymond Terrace to Karuah intersection improvements",PRJ-0069,"Pacific Highway, Raymond Terrace to Karuah intersection improvements",Transport,In Planning,TBA,To be advised,,,,,,,,,,,https://www.transport.nsw.gov.au/
MASTER-0020,"Pacific Highway, Wyong Town Centre",PRJ-0070,"Pacific Highway, Wyong Town Centre",Transport,Pipeline,$$$,$250M to $500M,250.0,500.0,CD&C,Collaborative Design and Construct,Construction Procurement,"Preparation, approval and release of procurement documents",Q2 2026,Q1 2027,Q2 2027,Q4 2031,https://roads-waterways.transport.nsw.gov.au/projects/pacific-highway/wyong-town-centre-upgrade/index.html
MASTER-0101,Parramatta Light Rail Stage 2 Main Works,PRJ-0071,Parramatta Light Rail Stage 2 Main Works,Transport,Pipeline,$$$$$,Over $1B,1000.0,,D&C,Design and Construct,Construction Procurement,"Preparation, approval and release of procurement documents",Q2 2026,Q4 2026,Q1 2027,Q4 2035,https://www.nsw.gov.au/driving-boating-and-transport/projects/parramatta-light-rail/stage-2
MASTER-0255,Picton Bypass,PRJ-0072,Picton Bypass,Transport,In Planning,$$$$,$500M to $1B,500.0,1000.0,,,,,,,,,https://www.transport.nsw.gov.au/projects/current-projects/picton-bypass
MASTER-0018,Regional Corridors Upgrade Program – Euston to Tocumwal,PRJ-0073,Regional Corridors Upgrade Program – Euston to Tocumwal,Transport,In Planning,$$$,$250M to $500M,250.0,500.0,,,,,,,,,https://www.transport.nsw.gov.au/
MASTER-0151,Regional Corridors Upgrade Program – Muswellbrook to Armidale,PRJ-0074,Regional Corridors Upgrade Program – Muswellbrook to Armidale,Transport,In Planning,TBA,To be advised,,,,,,,,,,,https://www.transport.nsw.gov.au/
MASTER-0174,Regional Corridors Upgrade Program – Newcastle to Dubbo,PRJ-0075,Regional Corridors Upgrade Program – Newcastle to Dubbo,Transport,In Planning,$$$,$250M to $500M,250.0,500.0,,,,,,,,,https://www.transport.nsw.gov.au/
MASTER-0256,Regional Overnight Sleeper Services,PRJ-0076,Regional Overnight Sleeper Services,Transport,In Planning,$,$50M to $100M,50.0,100.0,,,,,,,,,https://www.transport.nsw.gov.au/
MASTER-0257,Richmond Road Corridor upgrade,PRJ-0077,Richmond Road Corridor upgrade,Transport,In Planning,$$$$,$500M to $1B,500.0,1000.0,,,,,,,,,https://www.transport.nsw.gov.au/projects/current-projects/north-west-growth-area
MASTER-0103,Safe Accessible Transport,PRJ-0078,Safe Accessible Transport,Transport,Pipeline,$$$$,$500M to $1B,500.0,1000.0,Various,Various,Rolling Program,Rolling program with ongoing procurement and delivery,Ongoing,Ongoing,Ongoing,Ongoing,https://www.transport.nsw.gov.au/projects/programs/safe-accessible-transport-program
MASTER-0258,"Sheahan Bridge Upgrade Northbound, Gundagai",PRJ-0079,"Sheahan Bridge Upgrade Northbound, Gundagai",Transport,In Planning,TBA,To be advised,,,,,,,,,,,https://www.transport.nsw.gov.au/projects/current-projects/sheahan-bridge-upgrade
MASTER-0259,Shellharbour Hospital access,PRJ-0080,Shellharbour Hospital access,Transport,In Planning,TBA,To be advised,,,,,,,,,,,https://www.transport.nsw.gov.au/
MASTER-0260,South West Sydney Rail Extensions Final Business Case,PRJ-0081,South West Sydney Rail Extensions Final Business Case,Transport,In Planning,$$$$$,Over $1B,1000.0,,,,,,,,,,https://www.transport.nsw.gov.au/
MASTER-0261,Spring Farm Parkway Stage 2,PRJ-0082,Spring Farm Parkway Stage 2,Transport,In Planning,$$$,$250M to $500M,250.0,500.0,,,,,,,,,https://www.transport.nsw.gov.au/projects/current-projects/spring-farm-parkway-menangle-stage-2
MASTER-0262,Stacey Street upgrade,PRJ-0083,Stacey Street upgrade,Transport,In Planning,$$$$,$500M to $1B,500.0,1000.0,,,,,,,,,https://www.transport.nsw.gov.au/projects/current-projects/stacey-st-and-hume-highway-bankstown-upgrade
MASTER-0045,Sydney Metro - Western Sydney Airport - Northern Extension Final Business Case,PRJ-0084,Sydney Metro - Western Sydney Airport - Northern Extension Final Business Case,Transport,In Planning,TBA,To be advised,,,,,,,,,,,https://www.sydneymetro.info/planning-future-extensions
MASTER-0263,Sydney Metro West - Parramatta Integrated Station,PRJ-0085,Sydney Metro West - Parramatta Integrated Station,Transport,Pipeline,$$$$,$500M to $1B,500.0,1000.0,D&C,Design and Construct,Construction Procurement,"Preparation, approval and release of procurement documents",Q3 2024,Q2 2026,Q1 2027,Q3 2029,https://www.sydneymetro.info/station/parramatta-metro-station
MASTER-0264,Sydney Metro West - Pyrmont Integrated Station,PRJ-0086,Sydney Metro West - Pyrmont Integrated Station,Transport,Pipeline,$$$$,$500M to $1B,500.0,1000.0,D&C,Design and Construct,Construction Procurement,"Preparation, approval and release of procurement documents",Q2 2026,Q4 2026,Q2 2027,Q3 2029,https://www.sydneymetro.info/station/pyrmont-station
MASTER-0265,Sydney Metro West - Sydney Olympic Park Integrated Station,PRJ-0087,Sydney Metro West - Sydney Olympic Park Integrated Station,Transport,Pipeline,$$$$,$500M to $1B,500.0,1000.0,D&C,Design and Construct,Construction Procurement,"Preparation, approval and release of procurement documents",Q2 2026,Q3 2026,Q2 2027,Q3 2029,https://www.sydneymetro.info/station/sydney-olympic-park-metro-station
MASTER-0266,Sydney to Canberra Rail Corridor Upgrade,PRJ-0088,Sydney to Canberra Rail Corridor Upgrade,Transport,In Planning,TBA,To be advised,,,,,,,,,,,https://www.transport.nsw.gov.au/
MASTER-0105,Terrigal Drive Upgrade,PRJ-0089,Terrigal Drive Upgrade,Transport,In Planning,$,$50M to $100M,50.0,100.0,,,,,,,,,https://www.transport.nsw.gov.au/
MASTER-0093,"The Horsley Drive, M7 Motorway to Cowpasture Road",PRJ-0090,"The Horsley Drive, M7 Motorway to Cowpasture Road",Transport,Pipeline,$$,$100M to $250M,100.0,250.0,CO,Construct Only,Construction Procurement,"Preparation, approval and release of procurement documents",Q2 2026,Q3 2026,Q4 2026,Q3 2028,https://roads-waterways.transport.nsw.gov.au/projects/the-horsley-drive-upgrade/index.html
MASTER-0267,"The Northern Road Upgrade, Borrowdale Way to Londonderry Road",PRJ-0091,"The Northern Road Upgrade, Borrowdale Way to Londonderry Road",Transport,In Planning,TBA,To be advised,,,,,,,,,,,https://www.transport.nsw.gov.au/projects/current-projects/northern-road-upgrade-between-borrowdale-way-jordan-springs-to
MASTER-0112,Thornton bridge duplication,PRJ-0092,Thornton bridge duplication,Transport,In Planning,$,$50M to $100M,50.0,100.0,,,,,,,,,https://www.transport.nsw.gov.au/
MASTER-0268,Wagga Wagga Freight Bypass,PRJ-0093,Wagga Wagga Freight Bypass,Transport,In Planning,TBA,To be advised,,,,,,,,,,,https://www.transport.nsw.gov.au/
MASTER-0269,Werrington Arterial Stage 2,PRJ-0094,Werrington Arterial Stage 2,Transport,In Planning,TBA,To be advised,,,,,,,,,,,https://www.transport.nsw.gov.au/news-and-events/media-releases/3-million-to-start-planning-werrington-arterial-stage-2
MASTER-0139,Western Sydney Freight Line and Intermodal Terminal  - Stage 1 Full Business Case,PRJ-0095,Western Sydney Freight Line and Intermodal Terminal  - Stage 1 Full Business Case,Transport,In Planning,$$$$$,Over $1B,1000.0,,,,,,,,,,https://www.transport.nsw.gov.au/corridors/wsfl
MASTER-0002,Western Sydney Heavy Vehicle Rest Area,PRJ-0096,Western Sydney Heavy Vehicle Rest Area,Transport,Pipeline,$,$50M to $100M,50.0,100.0,TBA,To be advised,Design,Preparation and approval of project design,Q1 2027,Q3 2027,Q4 2027,Q3 2028,https://www.transport.nsw.gov.au/operations/freight-hub/heavy-vehicle-rest-stopping-improvements
MASTER-0079,Windsor Road Upgrade at Rouse Hill,PRJ-0097,Windsor Road Upgrade at Rouse Hill,Transport,Pipeline,$$$,$250M to $500M,250.0,500.0,CD&C,Collaborative Design and Construct,Design,Preparation and approval of project design,Q4 2026,Q3 2027,Q4 2027,Q4 2029,https://www.transport.nsw.gov.au/
MASTER-0162,Woollahra Station Activation,PRJ-0098,Woollahra Station Activation,Transport,In Planning,$$,$100M to $250M,100.0,250.0,,,,,,,,,https://www.transport.nsw.gov.au/projects/current-projects/woollahra-station-activation
